BuildingID,BuildingSize,BuildingAge,InsulationType,Temperature,Humidity,EnergyConsumption,SupplierLeadTime,RenewableEnergySource
B0001,910,51,Poor,35.34714044174169,14.848392617192783,136.43837528743018,23,None
B0002,3822,54,Fair,-3.3813810482513773,64.83162747568045,270.5177517613773,10,Solar
B0003,3142,24,Poor,19.650725018029885,11.997297769604574,310.402460304581,11,None
B0004,516,25,Good,19.956029252016258,23.71473413684342,70.03461749554614,6,Solar
B0005,4476,71,Good,7.673037027339124,46.28631999382673,412.36866724693715,6,None
B0006,3494,52,Excellent,12.923321228462889,46.389795424229455,467.7487435546886,27,Solar
B0007,3221,70,Fair,-8.100921835507327,64.85604343469151,418.56482264310085,9,None
B0008,2969,88,Excellent,27.293001931350602,82.81704278942053,369.1194274316817,15,None
B0009,180,33,Excellent,17.4661239701587,61.12257271319366,62.28610756604391,2,Wind
B0010,1735,49,Fair,-7.112947406541311,86.28280782812071,187.8497834088384,4,Solar
B0011,819,29,Excellent,24.037794648024274,80.5292511902398,94.34932935613757,5,None
B0012,2441,63,Fair,13.339103861559394,56.75998364246322,338.62078302325455,17,Wind
B0013,2483,22,Fair,-8.27693702875,76.70335607350619,205.5441900056149,8,Solar
B0014,1234,26,Good,38.48038634240477,61.40620882589072,151.0669785899347,8,Solar
B0015,4605,28,Fair,37.45560715447203,16.28462647389817,375.00438276895306,22,None
B0016,3435,85,Good,15.645120807359877,69.2451778607608,261.56123578767176,12,Solar
B0017,4167,49,Good,-5.31637896470449,17.592675301387697,561.7187969447447,21,Wind
B0018,4893,71,Good,27.73106107992959,57.52662244557699,410.3856014189533,8,Wind
B0019,2954,81,Fair,14.59655500528645,66.21121646865831,346.5613509148708,19,None
B0020,524,84,Good,5.122373914468994,15.322208656868419,61.88527254789015,3,None
B0021,1132,49,Good,14.57090887642784,28.46357231412254,165.46583271624476,18,None
B0022,2608,20,Good,16.122207270273222,83.25377858093199,254.82186121421353,21,Solar
B0023,2097,86,Fair,18.13558495111696,59.30515937863171,316.68614085209583,19,None
B0024,2797,92,Poor,12.061185682766325,29.702881504842527,307.7614859282765,19,Solar
B0025,1025,63,Good,20.287765156952833,65.25438169184054,107.38747498612715,15,Wind
B0026,1856,61,Poor,35.93673553031887,57.74211359693517,253.44309212674744,6,Wind
B0027,239,49,Good,8.113404354929557,50.12605599343587,49.221860476329084,16,Solar
B0028,2784,71,Good,26.285823160997452,88.0949579990467,329.02843829118603,8,None
B0029,3055,1,Good,34.72262784121161,64.67630219260072,286.62069060730283,16,Solar
B0030,4708,96,Good,12.798963787996847,40.03528877343301,713.7608778406529,18,Wind
B0031,1949,13,Excellent,12.172791819095206,74.00587456614944,136.97072484308833,20,None
B0032,1317,94,Excellent,20.105849267738975,80.76666343369502,210.79643230647144,16,None
B0033,1578,87,Excellent,19.570337971124406,20.017644761346514,130.0129273757081,11,Solar
B0034,3252,51,Excellent,30.32946711631385,26.04423822762132,299.00093262669805,7,Wind
B0035,3606,56,Poor,13.824169188914635,27.298160730222378,365.0270358459361,17,None
B0036,3940,83,Poor,39.806147481972054,65.29694475092323,653.1605479388184,17,Solar
B0037,696,62,Good,-7.026421556635961,58.243164404262664,74.93359782652156,12,Wind
B0038,2938,32,Fair,-9.841607570964912,59.519325175887055,200.80021093885708,13,Solar
B0039,2485,30,Fair,22.00991557798119,85.26186397516008,250.97722416550548,10,Wind
B0040,650,29,Fair,4.921745618093835,72.07292262458448,76.27881467914366,7,None
B0041,2413,49,Good,2.01911943497419,20.234953960942654,174.51837591756478,14,Wind
B0042,2111,45,Good,5.594954000214024,37.800566594014484,250.69069697454307,23,Wind
B0043,291,93,Good,2.8023782552477154,44.83149169405885,57.40169653039507,1,Wind
B0044,2091,30,Good,-8.460497516977608,41.676927099808395,124.25312220521063,17,Wind
B0045,2874,16,Excellent,38.576652119529435,63.544688732950334,383.25039154293637,4,Solar
B0046,2662,40,Fair,1.0372744226390864,81.351448260525,273.21704387262173,21,Solar
B0047,1413,19,Excellent,26.701488129465318,34.484117081823044,111.51600062271473,5,Wind
B0048,1528,18,Poor,28.12981973470876,54.15017091369485,168.89512326410153,20,Wind
B0049,2606,1,Excellent,36.46286990036146,73.15275375308686,330.120915459977,24,Wind
B0050,825,78,Good,-8.472527145331002,43.297444707627946,94.22058600394583,23,Solar
B0051,4064,47,Fair,33.602416922350386,23.449450271943668,438.2052678886623,25,Solar
B0052,84,66,Poor,16.361309041990012,47.99607722109986,58.879533156894816,7,Solar
B0053,3202,92,Fair,21.627205498291396,14.417801659442278,403.9180803678415,10,None
B0054,2005,94,Poor,22.22351385605168,85.39067632018215,238.10198103196194,17,Wind
B0055,1635,38,Poor,30.989890249236375,15.985696415597843,230.7582783780527,29,Solar
B0056,3993,51,Good,6.670366107955527,45.076537220046255,549.537078751426,7,Solar
B0057,3123,63,Good,26.65255949299967,52.3905008870821,403.26901576447926,1,None
B0058,1071,4,Good,16.428905486109855,88.82430658298284,120.62273801845518,7,Solar
B0059,3511,1,Excellent,29.66970071526739,23.281745891428862,283.2435863972058,26,None
B0060,2663,8,Good,39.52730163850667,19.154521488988685,248.2496052196538,24,Solar
B0061,3893,29,Good,0.0325508701880608,10.696491765003486,268.30182480716144,11,None
B0062,1550,55,Poor,39.732432077999896,22.445714949544183,156.8140241766812,9,None
B0063,4848,3,Good,-5.5093922858613,26.581838325413408,631.7653142266109,12,Wind
B0064,211,32,Fair,-9.884122604759307,60.44647532664739,50.48594849477123,3,Solar
B0065,4347,10,Excellent,-7.791903191108437,27.57654323131203,412.2600236668555,4,Solar
B0066,2031,74,Excellent,7.089120236838085,11.641665178346017,238.28630700097602,4,Wind
B0067,1045,83,Good,21.645316533921708,76.1294676401991,175.25345640381687,28,Wind
B0068,4961,34,Poor,-6.548522955607519,39.24765608031734,304.26989652505205,25,Solar
B0069,3392,97,Excellent,-9.716709273521637,38.295734926458714,487.00174271593386,13,Solar
B0070,4601,87,Good,36.854551422939736,34.19832233343413,372.2340720808258,23,Wind
B0071,3848,55,Poor,31.09633179699648,88.02986217171367,544.9508219140853,19,Wind
B0072,1325,92,Fair,30.45915855695155,23.609233384742517,238.11619690978745,10,Solar
B0073,1066,32,Good,34.22121377509885,81.85904511625881,179.95321320292646,5,Solar
B0074,387,50,Poor,25.001713638605217,72.14426657119104,100.55436401048453,7,None
B0075,928,7,Excellent,-4.779793512595928,16.118396439945045,52.49064919110782,24,Wind
B0076,1126,93,Fair,9.955009403686152,88.9383281200679,168.0925661229132,16,None
B0077,4937,8,Poor,26.157474323231476,31.709277083120845,581.1568855940833,1,Wind
B0078,4043,65,Excellent,4.016723039576046,17.886634161792987,387.3555271810284,12,Solar
B0079,4909,57,Fair,24.37031820681188,76.34513873006075,722.1515738848216,2,Solar
B0080,429,67,Good,-8.775077586617382,66.534042694216,68.8919864577808,7,Solar
B0081,542,88,Poor,5.306867043979661,59.37750447023206,114.16893382613843,11,None
B0082,2112,87,Poor,17.456516813858634,22.478469095914654,198.333402798719,29,Wind
B0083,3934,59,Good,21.604491475312113,48.27968930047695,367.92818259668013,13,Solar
B0084,114,72,Good,18.852033223095543,72.44448215097711,74.06267968196863,2,None
B0085,2618,54,Good,24.887813803671477,34.28991505150722,365.0684888850256,7,Solar
B0086,2077,67,Good,-9.695562588008046,34.935186281203315,265.96335156080676,15,None
B0087,2745,51,Good,-4.952940001123926,10.25127248384977,375.0102455804334,25,None
B0088,1545,97,Poor,33.447212613957255,23.939472131630364,281.88215634126396,11,Solar
B0089,441,92,Fair,24.08743220450806,80.03245000974674,144.813638705676,2,Solar
B0090,4564,8,Excellent,-4.353417865699435,45.33971933101657,249.53310932434613,7,Wind
B0091,4524,34,Good,32.10372186992896,88.73875993875471,607.522946398365,4,Wind
B0092,3611,35,Good,2.1115608912283452,41.656637085903405,278.97046705482376,11,Wind
B0093,2328,96,Fair,13.912994209761173,67.21491638241929,207.30843120868877,29,None
B0094,3149,88,Fair,-2.7401743557669853,32.55352343237833,405.16146528548006,2,None
B0095,250,78,Good,25.50550282108533,39.10477129127468,71.58802062040702,29,Solar
B0096,4925,32,Excellent,23.342721050713394,25.258079007271572,301.3532522559452,16,Solar
B0097,3154,46,Good,0.5556235583068094,37.764989479951595,235.68260515342945,7,Wind
B0098,4648,16,Excellent,33.17003834285009,53.77900163365145,261.0867129685824,13,Solar
B0099,2504,68,Good,10.06530121098561,89.34183047833996,396.06826323622704,5,None
B0100,3695,37,Poor,4.6257545535370905,63.136137045742856,235.46378248817368,17,Solar
B0101,854,54,Fair,-2.3835205267732276,25.939676352665124,81.40779379286371,21,Solar
B0102,2781,85,Poor,3.3084006257768728,13.59691532732409,272.64854076173293,12,Solar
B0103,2823,14,Fair,-8.89865393880915,20.10851850516085,245.62391421072726,28,None
B0104,1620,95,Excellent,19.16287462280578,55.00441610184379,284.9420268467704,19,Solar
B0105,2740,55,Fair,32.111537317197396,71.21282630534131,217.78784918548217,7,None
B0106,3890,48,Good,17.449022472082092,85.23353658405975,442.7192521139388,6,Wind
B0107,1078,82,Poor,0.9636980961937862,11.265853759745665,158.93356123220556,8,None
B0108,552,7,Fair,-8.316541089306364,51.82081132494958,94.1095571825292,13,Wind
B0109,4543,74,Fair,0.7314036629401421,47.66938849785414,556.7136222603559,5,Solar
B0110,920,7,Fair,10.806071403554615,62.48440175805632,151.72853403274354,2,None
B0111,4538,33,Good,27.980571434989827,54.76630835722736,306.3809821165553,9,Solar
B0112,256,23,Fair,-0.607857373111294,64.96313204659845,49.95857602879836,11,Wind
B0113,1534,85,Good,25.989572667734308,62.646606779935226,177.6508782169977,24,Solar
B0114,913,19,Poor,33.34667341759418,19.360937988635698,162.6787544970029,6,None
B0115,2840,19,Poor,12.697342405417853,73.97743308949757,234.20675443959325,29,None
B0116,613,36,Fair,31.071599582129664,19.858606057305987,81.2331888897997,26,Wind
B0117,4241,29,Good,17.73286740175478,65.88245001673097,392.8793130811225,7,Wind
B0118,1807,60,Good,21.854541854045248,43.291629411248536,141.23370429382754,25,None
B0119,1728,82,Fair,16.313923016910135,51.10805876612783,180.04010300796267,7,Solar
B0120,3292,2,Fair,13.158635837567086,82.26384115005685,520.8146814828896,19,None
B0121,4686,1,Good,1.7326720887924676,81.19069811787892,460.3806077465124,6,Solar
B0122,1109,47,Poor,5.159702973052303,75.42850445240236,175.53518895937674,11,None
B0123,1772,69,Fair,4.498505947180451,50.81187043650586,270.86711227698845,29,None
B0124,3364,20,Excellent,18.164446547690737,68.89918481070666,320.1532480294064,11,None
B0125,3207,11,Good,-4.002315348805504,51.03176444150475,225.9951500989174,7,Wind
B0126,2675,2,Fair,35.83958453511676,79.5684865979822,240.1436636254736,2,Wind
B0127,2779,67,Excellent,26.032757264155663,42.22206665863199,270.9896802712801,19,Wind
B0128,1647,87,Good,10.072281545659681,87.61882755319014,255.56003994554348,4,Solar
B0129,3110,12,Fair,-2.0687927736811016,84.58582065831021,313.37268924774014,26,Wind
B0130,2743,20,Good,34.09960848608179,69.32820955614284,184.4638128048131,6,Wind
B0131,4941,5,Good,31.18890450505826,32.35327073408576,532.0797857605552,17,None
B0132,3677,37,Fair,26.086077635858963,20.53228710346067,550.2787403441563,25,Wind
B0133,1413,38,Fair,3.5773523705621173,78.3762760074558,224.77282355484638,5,Solar
B0134,2031,94,Fair,10.122331871683446,23.224182891036904,318.0613275102812,29,Solar
B0135,1713,9,Good,-4.862587377378832,78.34086311978686,244.18350877679697,28,Wind
B0136,1579,98,Fair,-0.548023763623414,49.26120053698884,157.7395002317749,7,Solar
B0137,2088,53,Excellent,29.150831865836643,42.52454270464834,294.30017378254956,9,Solar
B0138,3352,44,Good,25.75193594253419,82.25526230675433,270.1371861064353,25,None
B0139,2287,99,Poor,19.674288148796734,58.308078603222235,354.18666495065327,1,Wind
B0140,1356,86,Good,34.78633629630864,56.129120570377424,231.44602762850263,1,Wind
B0141,4079,24,Fair,19.16332589065227,54.70127556995181,252.71257562002262,19,Solar
B0142,2725,81,Good,13.348399998180536,39.69356128156251,405.82114433923994,6,None
B0143,1332,74,Good,7.018537315288135,72.85144828233018,241.48741383125906,18,Solar
B0144,759,30,Fair,37.02242528680863,30.22387552126184,100.35335283958764,10,None
B0145,4794,59,Fair,-5.864226923782326,85.111596803302,675.6989004475001,28,Solar
B0146,4463,87,Poor,36.54436860304042,81.51881640375686,337.4950337782255,11,None
B0147,3798,96,Poor,31.335732996550917,36.99842605399185,503.52508412693953,1,Wind
B0148,4829,81,Fair,-3.503503773214936,68.3571015865331,517.9778501488549,1,Wind
B0149,713,81,Fair,18.24921788376268,55.85785555596732,128.18794256454981,13,Wind
B0150,2048,14,Excellent,33.327399087454346,37.011944159938764,319.4619488728692,5,Wind
B0151,3495,9,Fair,18.590458180357686,89.08173183963574,524.6004261807543,20,Solar
B0152,3793,40,Fair,35.359991078031115,12.018987667861136,521.0432079741114,1,None
B0153,1545,66,Good,37.14919084080213,30.211682449702934,170.43421584895407,20,Solar
B0154,3354,25,Poor,11.119226109215294,51.605924888892034,507.83589466604656,3,None
B0155,3813,73,Excellent,8.86568307031618,51.75624027828511,272.1426273025696,18,None
B0156,1903,22,Good,36.81605769845784,57.114645995645134,299.8043782139731,9,Solar
B0157,4709,4,Good,23.757003057483402,70.13409376183354,424.2685136974392,14,None
B0158,1341,26,Poor,-4.198865932591536,59.87822644154371,107.2284730992906,27,Solar
B0159,3631,58,Fair,-7.88541253886594,58.02251684224296,458.777943148331,17,Solar
B0160,3507,29,Fair,18.231452549863157,14.281157033043463,282.19735074053165,23,None
B0161,1686,98,Excellent,36.50854827192123,40.12242302314387,186.20339012998303,14,Wind
B0162,3746,87,Poor,32.21243512029092,28.56445917609248,373.86713732061025,29,Wind
B0163,3049,37,Fair,23.792387323216822,31.229608928158036,211.85187261061893,4,Solar
B0164,3202,75,Excellent,-3.044207555445624,54.34699794722759,262.23020178940516,5,Solar
B0165,748,70,Fair,2.7115691874347796,25.960425194368675,61.06155485452078,26,None
B0166,2210,18,Fair,33.77556132763081,33.5159280813518,245.95484045058492,21,Solar
B0167,4147,85,Poor,-0.8596381671549764,28.96677668138721,295.40609214098225,17,Solar
B0168,4787,42,Excellent,3.9219704125217287,85.88023545745558,599.1785683591464,22,Wind
B0169,904,41,Poor,-3.5199674402279024,85.57325857368761,108.51616578697063,29,Wind
B0170,3524,38,Good,23.80541157072056,58.795324687684136,550.043597470367,25,Wind
B0171,1757,34,Good,37.19911526816048,83.96179749855199,289.60608504432975,2,Solar
B0172,2827,17,Fair,3.448401579769298,72.86501163746985,254.55478816821267,23,Solar
B0173,1783,37,Good,13.770330392503684,57.195830624144705,271.31634754603124,22,Solar
B0174,4981,25,Poor,21.716986985560215,10.514816919743657,678.0793212505561,5,None
B0175,3560,76,Fair,39.97331241078153,71.80130288635232,595.2843001371149,4,Solar
B0176,252,87,Good,-4.7595967501213945,66.1990673270775,88.46365791074575,4,None
B0177,3305,86,Excellent,14.928539975285457,59.22029226259312,254.3735882311638,6,None
B0178,4268,85,Good,9.256005995125001,70.83394493459774,538.8334431805861,20,None
B0179,4546,27,Good,33.29100826111776,51.03377318198126,548.8837832718083,21,None
B0180,816,57,Poor,13.798386550582794,66.32666170570712,157.90070654651447,13,Solar
B0181,4439,31,Poor,-4.451123770742596,84.81376693811947,405.09350237800646,22,Solar
B0182,2377,6,Poor,21.72120726432918,40.064401267686904,359.7643828363095,5,Wind
B0183,2981,91,Fair,28.53903091319399,66.64974679205002,517.7953253162008,23,Solar
B0184,247,40,Fair,-9.85593741671927,48.0550254408767,44.14441992118559,25,None
B0185,1980,98,Fair,32.947834271031475,63.951972145118525,180.17041721314587,26,Wind
B0186,3632,12,Fair,-0.6988499997167192,71.03146684434913,281.93768528793254,23,None
B0187,658,53,Fair,17.60346823266889,13.636200034863677,114.14669015439222,7,Solar
B0188,3322,71,Good,10.789875034372507,61.728035515892955,443.4570828813661,20,None
B0189,1197,10,Excellent,25.982690830526522,28.139294752555564,156.61036536878365,1,Solar
B0190,4332,45,Fair,8.558080739287092,63.602603024605344,424.5819795975584,14,Wind
B0191,3447,17,Excellent,33.48815883408554,47.46641487470508,401.5017853481143,24,Wind
B0192,2561,26,Excellent,26.52481804793951,71.88421934919097,240.92903342538284,4,None
B0193,1844,85,Poor,22.385658553146072,19.872065216447716,225.59876941983106,17,Wind
B0194,709,92,Good,29.812029778142715,60.105788132495604,155.9789519677826,21,None
B0195,2861,62,Good,27.701151746419114,32.27765831420419,461.51075004632025,14,None
B0196,1419,46,Good,-8.203066253922334,78.23855962644731,241.53505798533558,16,None
B0197,2036,64,Fair,9.736717692241406,84.27068045090459,336.32684230305273,14,Solar
B0198,196,2,Good,36.54036486582449,89.71186349432443,63.595637286129644,16,None
B0199,3269,54,Fair,-3.713786550388689,73.68059219418267,363.87276095632814,24,None
B0200,2961,65,Good,26.85482752160256,70.29872563424036,415.49929625386,20,Solar
B0201,1784,51,Good,38.72959056676648,27.240060709404084,296.49932903896143,29,Solar
B0202,1893,53,Good,-7.390068547751419,36.8805647192087,154.3451571284436,28,Solar
B0203,538,36,Good,24.10969403133052,47.254603340982364,77.41855454495521,8,Solar
B0204,3026,26,Good,13.407707065051518,71.87048382257998,224.50043988373704,24,Wind
B0205,2009,29,Poor,18.958762768736108,83.1972692062375,282.97143359718945,3,None
B0206,2435,21,Fair,-5.732933175783757,25.131128001838768,204.31903917886984,25,Wind
B0207,2969,11,Excellent,-7.849652406653026,83.78939877360823,267.53833786510404,19,Wind
B0208,4786,40,Fair,23.343333027546088,65.64997218832464,318.23905674724017,1,None
B0209,1852,11,Poor,31.165471491035895,58.86165845480309,211.8153594750794,2,Solar
B0210,4111,36,Poor,29.10076674664836,25.98730170255516,608.3960130166388,15,None
B0211,3419,59,Fair,17.19028639331187,14.442002624732044,277.18928919888435,22,Wind
B0212,312,39,Excellent,-5.006658943191091,55.47719188063519,62.192845295320666,28,Wind
B0213,673,99,Good,24.40222219180069,62.121254666311394,118.66540226222448,10,Solar
B0214,1066,54,Excellent,2.094444177707297,26.86251594837506,168.47745180204416,18,Wind
B0215,3693,98,Good,35.55343513836918,54.516496466036514,278.0097729656054,22,Solar
B0216,2099,55,Fair,31.913267977285244,78.51947222100588,383.3262688263363,14,None
B0217,3773,24,Fair,25.469148354369544,76.8052756364016,463.1776022250721,17,Solar
B0218,4598,22,Good,37.44229779155652,84.18841444690378,735.7527768253342,27,None
B0219,3158,69,Poor,-8.428908924436353,39.27086476455044,469.7502844340159,13,Solar
B0220,4140,56,Excellent,26.8100212530381,35.4439658040735,340.4220429040103,1,Solar
B0221,2106,33,Excellent,6.512138966820267,69.95408047846469,143.1661622517446,5,Wind
B0222,3220,36,Fair,35.30329428431826,44.4889924077604,297.00290449142165,26,Solar
B0223,1732,20,Excellent,3.3337598330988794,17.00389312222245,189.97989537825632,13,None
B0224,2305,83,Excellent,26.242824965750856,32.62409045363998,193.07569138764262,27,None
B0225,1204,99,Good,33.88235098253907,43.48658284251913,153.22397593942813,25,None
B0226,4549,81,Poor,-7.917159080865879,33.40131403810016,471.06290367802376,14,Solar
B0227,3241,62,Fair,9.882378979601807,36.57644567578573,220.7375935470032,24,Wind
B0228,1746,98,Good,28.115451601096936,33.50207249395126,178.86816483866,3,Wind
B0229,4041,73,Fair,12.745944475379353,13.319933374646356,394.6725783970015,15,None
B0230,4773,26,Poor,3.3626314896797656,60.9675760659554,301.3634519356742,19,Solar
B0231,4732,66,Good,0.9902674411595012,57.783393628277544,474.7504213435789,17,Wind
B0232,1698,73,Poor,-3.424086654181105,62.270679878294445,224.59922096756503,3,Wind
B0233,1495,73,Good,32.85647799281411,25.3847916826902,175.1770361876969,16,Solar
B0234,4249,40,Excellent,18.7677701625778,33.652363328998824,614.6746203976197,14,Solar
B0235,3973,17,Excellent,-6.180752750427201,59.56927415559378,425.8812116306275,12,Wind
B0236,303,1,Fair,9.12901617853177,57.97020547679371,55.88007633385949,28,None
B0237,3233,89,Excellent,8.386682540255496,50.50642474834142,350.0918902337286,12,None
B0238,2607,61,Poor,-0.9130404645268513,38.033060000815794,370.83319184627493,29,Wind
B0239,148,43,Poor,11.775381273609533,83.03448038197519,87.43744985631866,11,Solar
B0240,2250,42,Good,6.604968269656823,37.1816193839075,326.590966512701,17,Solar
B0241,3011,25,Fair,7.0901852746091265,46.44953251498013,382.96764942280754,8,None
B0242,4483,39,Fair,26.95132788939793,64.24910647633669,332.4098926015286,17,None
B0243,3827,35,Good,1.1631692752598148,53.44171446934113,325.06159761258624,21,None
B0244,2919,3,Poor,22.092997942767774,37.75087810915085,194.0742220508611,25,None
B0245,3284,44,Fair,18.532481194046746,44.85158323652079,504.8966964907634,23,Solar
B0246,3841,51,Fair,18.404625616893362,73.55846542828048,499.1126081456895,20,None
B0247,1006,94,Good,23.150367307088793,32.25033243892899,173.67103593620365,11,Wind
B0248,4117,98,Good,17.4191018097827,21.380419182145232,361.83242876454955,25,Solar
B0249,210,12,Fair,33.96275574231923,35.05305614638217,66.38335515075477,25,None
B0250,4543,19,Fair,23.779004597512987,77.96273723903211,391.8729461982067,2,Solar
B0251,1350,44,Poor,17.348162568569407,17.119177188507734,102.94930554834932,10,Solar
B0252,4961,59,Poor,31.48815601438224,89.33568586979615,516.6555465031331,10,Wind
B0253,4037,49,Good,20.307328246673986,53.280231914213005,473.3640494503595,11,Wind
B0254,1577,61,Fair,4.55721238925895,88.78765951736752,197.75586737965767,28,None
B0255,1268,17,Poor,0.3547459088285603,85.1197137668782,215.86086316832456,6,Solar
B0256,4546,74,Good,-2.3836107168660607,46.225097136873345,308.68302285081694,4,Solar
B0257,4785,57,Good,34.97276062730508,25.87928596842793,551.931739207728,24,Solar
B0258,3154,55,Good,25.506771589903288,23.190782125211076,363.18472166828457,12,Solar
B0259,2785,47,Fair,36.86892190821604,29.1991491095966,265.1966591876121,11,Solar
B0260,4605,12,Fair,20.16459028574715,66.81061124516299,646.6531782409322,23,Wind
B0261,1004,62,Fair,13.670044074745629,31.83599957851903,157.52285821448206,23,Wind
B0262,4615,80,Poor,-7.0141755514555335,37.31402156834386,593.7730818550905,27,None
B0263,3496,88,Good,23.58211407730149,45.90230431956918,519.8650889618156,26,None
B0264,1095,83,Excellent,19.110437988411558,83.05861443371651,181.92101314162437,25,Wind
B0265,1743,8,Good,39.510444679381074,25.15147343078769,156.39466072169768,13,Solar
B0266,3486,95,Good,1.9579388891121514,10.40212420878425,442.15428623711114,5,Solar
B0267,612,21,Fair,16.536867764341793,14.807712830253612,67.24373212339546,6,None
B0268,2535,81,Good,22.547866755903634,82.38130733440943,232.80210889273047,1,Wind
B0269,3404,87,Fair,22.22955873711718,61.80131718746905,242.91296729700474,6,None
B0270,275,80,Good,18.064677147420134,31.84324954622454,66.30641873869479,18,None
B0271,4943,70,Fair,28.84640051636127,24.175400080895287,643.6763042384805,22,None
B0272,1009,72,Poor,0.24906047634082107,33.54133893096915,111.29437869891451,9,None
B0273,4598,25,Fair,26.281360013720793,19.183754180102408,601.04535858457,24,Wind
B0274,3117,82,Excellent,20.98672857165446,85.32263282275528,492.94602016837683,25,Solar
B0275,865,89,Fair,34.80375558972867,72.73649394922134,120.72815478538149,29,None
B0276,4804,12,Poor,32.359721951679084,46.99129415300326,399.45494840240764,15,Wind
B0277,4692,15,Fair,5.757351956627662,79.19700840921615,620.1287432759532,26,Solar
B0278,3170,59,Good,3.811866248757653,29.956656343458583,273.3331671790733,8,Wind
B0279,66,26,Good,39.08266619262239,67.36964547777548,56.90578716227444,19,Wind
B0280,1293,26,Good,16.363259045762828,78.49059992109947,111.82662799746514,24,None
B0281,2255,47,Poor,35.32104819572184,38.54149692986181,265.73408720513476,16,Wind
B0282,2574,32,Good,-1.8059488109758899,70.59715563605741,353.77245143523646,6,Solar
B0283,1119,10,Fair,22.14094574000871,33.60578794114475,160.2536604193085,29,None
B0284,3494,16,Excellent,30.493009368029306,33.90857082072246,482.852573486985,6,None
B0285,2615,71,Good,37.36976247932234,18.564574284334885,415.89953771661186,22,Wind
B0286,1110,17,Poor,6.867007050851175,45.204643720751896,174.07204187653292,3,Solar
B0287,2377,23,Poor,26.249058496202622,68.37695251979378,335.36761653146857,10,Solar
B0288,3470,26,Poor,16.94065045198095,85.2176644457028,243.24922565856366,1,Wind
B0289,351,85,Fair,-6.96855369667659,58.30375935432769,69.03900735058025,28,Solar
B0290,4326,86,Fair,24.49998686544717,79.05084301885913,287.05990886871973,14,Solar
B0291,656,7,Good,24.50482791189217,75.79957194321817,123.10714345271846,4,None
B0292,3220,14,Fair,36.53034024232685,23.86744423802247,296.7345125080957,26,Wind
B0293,749,79,Fair,14.865622308448621,48.86539431301052,128.18395114301535,12,Wind
B0294,1189,7,Poor,1.5125460355257339,19.353882842031318,105.85309600161234,6,Solar
B0295,240,9,Poor,-7.771808827566042,64.5722529249308,58.338864461685475,11,Wind
B0296,2350,48,Excellent,10.782109334295285,85.99197345968608,360.1741910265991,12,None
B0297,1030,72,Fair,5.0958350038750915,20.96715664630052,128.34032079625368,10,Solar
B0298,3025,59,Good,28.054415301193778,68.7106504642033,464.0126266598775,18,Solar
B0299,1234,87,Excellent,7.713388242052332,60.579052069428876,151.45522615359175,7,Wind
B0300,3377,93,Good,37.453559815742196,56.68840296064798,404.53552266973907,7,None
B0301,3444,82,Excellent,38.11551014938921,41.20961877506714,501.4153879463247,11,Wind
B0302,177,95,Fair,21.045429510885402,38.410531820305,56.75047475153431,4,Solar
B0303,2115,94,Excellent,36.433014350744145,13.619935121511029,347.9139865574448,20,Solar
B0304,1866,39,Poor,28.04271722572478,27.432696660161078,158.24471607319188,1,None
B0305,619,99,Poor,17.34298204875631,11.214150582946152,91.37280271204432,13,Solar
B0306,1945,18,Good,-0.9846032288610935,56.51336844656164,296.2660717921957,18,Wind
B0307,2783,59,Excellent,12.929897175691998,18.46825887023271,180.82879393099708,9,Wind
B0308,3913,17,Excellent,18.043723168130878,79.84155152237729,614.9683619636066,26,Solar
B0309,4771,14,Poor,33.19807903675051,51.851441655773215,742.6282818550592,24,None
B0310,4064,31,Fair,14.066668826783243,65.97519272469668,305.3133844314907,24,None
B0311,2951,24,Excellent,34.88373363389783,42.86856734723972,341.8132509734788,9,Wind
B0312,1736,99,Fair,23.717448951173445,54.84638472008389,201.57755151131568,23,Solar
B0313,3059,60,Good,-3.150046847316431,85.41273415733043,334.8167321923147,29,Solar
B0314,204,45,Excellent,39.74906846625465,16.618723169893663,38.97248956270899,9,Wind
B0315,2587,98,Fair,16.361633037695633,30.315021753895692,219.6205806585014,10,Wind
B0316,1459,3,Fair,9.592914820453945,72.39906615284355,158.7664297747907,28,Solar
B0317,4107,37,Fair,22.95568822347633,17.89897655061327,422.9261272412313,2,Solar
B0318,834,43,Fair,-4.555334300948046,16.052888312328868,133.61947056703883,6,Solar
B0319,3225,40,Excellent,21.826932337667717,38.923311900323085,443.9717251582148,15,None
B0320,4391,90,Fair,14.911800024963647,17.373436677794587,596.5460814235206,3,None
B0321,2856,55,Excellent,10.333703499929157,56.806275376496245,321.1354920349467,11,None
B0322,587,87,Poor,37.651001058944956,28.102020065327984,142.63899828155033,6,Solar
B0323,1891,39,Excellent,16.12698583660266,81.65583705594979,199.25478591070902,3,None
B0324,2505,15,Fair,0.9558739734969208,72.68000646762053,332.4883399748943,24,Solar
B0325,574,4,Poor,12.948173968864932,65.97641648795809,125.67805818445166,11,Wind
B0326,3000,93,Poor,35.969370228633636,59.355522190760155,336.0204750364337,15,None
B0327,4181,86,Good,-1.1952264334702676,79.07725842731706,544.260318566561,13,Solar
B0328,4830,25,Good,0.6978519344118457,27.844964923420548,670.3913996747008,20,Wind
B0329,4165,13,Excellent,-9.348521612145813,79.84870742113822,608.1985413750336,28,Solar
B0330,2418,82,Poor,-9.290497530211642,73.15938387392418,330.6757805352423,10,Solar
B0331,3897,33,Poor,31.469581347925626,69.85286611101485,373.4014039829848,6,Wind
B0332,4545,16,Good,26.606130342147793,54.90045424599393,410.257533213619,15,Wind
B0333,2751,42,Fair,7.752052822597914,29.699532877648007,166.38542421415204,25,None
B0334,1021,66,Fair,24.915557861378637,43.883833279351705,186.72161832738058,18,Wind
B0335,1216,55,Excellent,9.760296315498511,73.48565236310412,97.52043187917644,18,Wind
B0336,4979,99,Excellent,37.64483979989137,12.542278748585955,717.7506917077085,7,Solar
B0337,2824,42,Excellent,38.35263407130174,72.56406154110067,213.2206656393555,15,Solar
B0338,2032,34,Good,9.639688790467169,29.20565923900532,158.93912842777462,18,None
B0339,903,30,Fair,32.7110953170434,21.544736057728244,123.59025317440828,18,Solar
B0340,4196,13,Fair,28.654452084873306,19.256105454424173,547.5152127291323,20,Wind
B0341,3786,13,Good,5.499996858589466,12.180000956065209,253.31684779352875,9,Solar
B0342,3819,18,Excellent,1.6019914450552992,51.886918817716236,380.4307273486688,24,None
B0343,624,32,Poor,12.911732519641692,27.46078981549836,88.33407079566003,2,None
B0344,3311,96,Fair,29.067442030720315,89.15454126237053,297.06084300594455,8,Solar
B0345,1198,99,Poor,38.008389236437274,55.95494046977646,138.06374551540264,20,Solar
B0346,1765,39,Good,28.17895344332863,21.030821548480834,262.41750959104746,2,Wind
B0347,4827,46,Excellent,32.7603492509185,65.10100326490922,529.3248201628144,11,Solar
B0348,4983,29,Good,20.153215308525827,81.81948532077803,302.2773572461591,26,Solar
B0349,3904,62,Fair,31.770391542106296,69.61435962956915,578.5126461184802,7,None
B0350,2541,93,Excellent,29.221042900170886,16.115188883155813,410.19171393071326,6,Solar
B0351,2710,62,Good,8.849277096314005,81.67073449541276,342.4180492229275,10,None
B0352,3174,57,Poor,17.599515106036055,73.51435086879718,381.57360619986326,5,Wind
B0353,3101,16,Fair,30.237656099484745,22.664312008449148,455.7528769328806,11,Solar
B0354,54,56,Fair,-7.697163290502181,14.14287109862535,27.606296405432566,1,Wind
B0355,4919,10,Poor,30.403964117791496,54.58484602514468,669.4078028667822,2,Wind
B0356,926,30,Excellent,-1.1055937975488277,22.482864907198152,99.83226708863911,24,Solar
B0357,1041,25,Fair,15.734180856071948,76.76727620762176,160.8054503697038,1,Wind
B0358,4192,84,Excellent,30.413771977796884,38.6667725337339,550.078778777899,19,Solar
B0359,4414,5,Fair,2.6910539078347426,83.03139557892604,338.7139126820301,2,Solar
B0360,4515,65,Poor,2.290371965307651,55.25505377128046,475.8819928856459,21,Solar
B0361,685,94,Fair,10.138219923112594,24.613790739173453,126.71192574660085,20,Solar
B0362,1743,49,Poor,34.732139878881725,21.167909388784008,242.4175952630805,29,Solar
B0363,1732,3,Fair,-9.977860928139606,56.11779500462031,173.09814976201397,23,Wind
B0364,4802,45,Excellent,35.06915483209675,70.95068894899552,609.6632984022928,21,Wind
B0365,169,14,Good,-2.3096487679196107,72.52045181937457,34.379980620516434,24,Wind
B0366,880,30,Good,39.504318803374105,32.060592355302504,116.38567340454017,4,None
B0367,3725,68,Poor,37.742349651923405,26.3397407129734,552.8858157277273,12,None
B0368,1419,18,Poor,14.733759479564167,11.340504359390593,126.05172692233421,22,Wind
B0369,790,62,Poor,15.636012390631407,64.33593209609356,118.79996785733573,20,Wind
B0370,166,37,Good,14.077467013792713,16.12546067468312,43.34215800746064,18,Solar
B0371,2888,25,Poor,21.77218228297613,43.660896141274065,252.59714194997528,1,None
B0372,1200,48,Fair,-5.4639148882534485,58.13457312146369,116.72510949354792,1,Solar
B0373,1981,65,Good,-8.369102582921675,84.96871559357416,335.2330143884085,24,Solar
B0374,1062,53,Fair,-7.114853579205057,34.94417095646149,145.34762458653503,14,None
B0375,1714,79,Poor,12.218267462075719,29.981772995721585,256.50789008473254,4,Solar
B0376,1131,73,Fair,3.777396960974169,62.33281234288788,193.11483970867943,5,Solar
B0377,4779,15,Excellent,21.101978118549688,59.53912256428653,321.23009352691497,11,Wind
B0378,562,49,Good,39.62211446873895,36.568782664649966,110.22361774987911,24,Wind
B0379,2899,88,Fair,9.316158653823294,84.24814684078292,341.76939371909884,28,None
B0380,609,68,Poor,18.69206270522567,77.58898619917062,153.59724230240352,23,None
B0381,3722,12,Excellent,10.780194795366775,27.91860366920649,391.6763731506164,13,Solar
B0382,4633,59,Good,32.36358338609297,29.131403634761853,572.4634203341268,16,Solar
B0383,3393,37,Fair,35.11182017311191,50.98402775096645,377.7159717562555,24,Wind
B0384,4120,61,Excellent,33.867780610263004,71.88576813845762,457.40506878947934,13,Solar
B0385,4849,43,Fair,38.71861193396288,13.523230351077151,658.6648095545654,24,Wind
B0386,1520,70,Good,-8.624040742979236,65.46681229877653,203.48469432461843,22,Solar
B0387,630,39,Good,31.99080810727655,61.85887179056776,110.14659480211958,26,Wind
B0388,2344,56,Fair,27.588608651954665,28.518407673039057,270.6173301033847,2,Wind
B0389,3197,63,Excellent,1.4347204700182399,64.5082410593079,375.8280425074481,16,Wind
B0390,4299,46,Good,37.816004669376376,85.21465530016661,596.2374338694242,6,Wind
B0391,1729,88,Good,-2.591103588502727,13.742867597741482,256.2047972909264,14,Wind
B0392,3556,11,Poor,23.97749635669542,35.572164423365,462.89850799454973,1,Solar
B0393,2794,62,Poor,1.2445108407956234,45.05413733330842,430.24453244403537,17,Solar
B0394,3406,77,Fair,11.569032438703733,81.94082871397516,516.9592624668051,11,Solar
B0395,4095,98,Good,25.95799484722845,86.98091572873254,512.9661514056179,19,Wind
B0396,1293,25,Fair,18.166232101652334,45.52921971970658,182.70823655679519,3,Solar
B0397,3168,71,Good,11.375091566405587,70.00227297137529,510.57727586624065,11,Wind
B0398,2191,52,Good,6.31692154659936,52.53288190115864,274.92719041834613,29,Solar
B0399,3109,4,Poor,31.982982785439518,53.022634779310124,461.7015125641972,5,Wind
B0400,4598,59,Good,-2.809282484259315,32.24796120530851,569.8213278014179,17,None
B0401,3009,72,Poor,11.505143826490002,27.356499669110363,349.78999465561515,26,Solar
B0402,2315,20,Excellent,35.18787858875711,33.04042767392329,198.55415720666392,22,Solar
B0403,2529,93,Fair,32.29247752299838,54.50624058056634,298.85721402390396,7,Solar
B0404,4696,63,Poor,10.047088123652333,12.33241488176712,710.3834892120123,10,Wind
B0405,1685,54,Fair,28.155418180065418,82.57991554851246,259.59500462135986,28,Wind
B0406,1807,74,Fair,31.158041535442962,22.502696763982097,244.2219612036742,29,Solar
B0407,4502,98,Good,34.444371200181486,27.607094149710925,709.3874605075113,11,Wind
B0408,2120,57,Good,17.2252884524614,51.46209411581171,260.75684358514224,3,Solar
B0409,2899,90,Good,0.22304430273558928,66.80918130698234,346.10017435228553,20,Wind
B0410,3301,41,Poor,2.765453825196582,17.658324379551786,430.68653153041737,10,Wind
B0411,3780,3,Poor,4.78473370208021,35.415575803772974,479.05453642913176,27,None
B0412,2539,6,Poor,19.690124040480775,87.49396844594857,230.86695213162088,10,Solar
B0413,1681,5,Good,-8.359518793569578,30.98743734247566,170.7168484585509,14,None
B0414,2866,5,Excellent,21.802123438998414,35.04401160505175,297.7585032066739,12,None
B0415,1065,54,Fair,8.217711921411599,76.91987924944269,142.51231348190194,15,Solar
B0416,1398,47,Poor,4.762090124482107,14.01715453523642,165.09718969678906,10,Solar
B0417,4661,87,Good,33.97482853640632,47.16905350471767,469.98489593862195,10,Wind
B0418,3137,49,Excellent,13.000119779039945,40.36934115613362,244.87695787166558,26,None
B0419,2889,9,Good,-5.247347723365361,35.32694079269209,275.5853393278555,19,None
B0420,385,99,Excellent,31.33733840131235,32.855967523581164,88.16936138562649,1,Wind
B0421,4642,20,Fair,-7.61793712817467,17.309928388832738,503.0465911099211,24,None
B0422,945,61,Poor,26.337461208409835,35.1860663481319,184.10410858995402,29,Solar
B0423,3596,35,Excellent,28.69531108853326,13.444192217253486,468.8881746278037,26,Solar
B0424,901,50,Good,7.630130296442907,72.47710909155482,120.45464053371545,10,None
B0425,1737,82,Fair,31.23939281388934,41.85822351664093,146.6659608507192,2,None
B0426,1981,62,Good,15.782970292822672,45.512306585592924,172.24055059882812,17,Wind
B0427,3796,17,Excellent,13.16468266363984,81.48756691601052,425.0933361953315,24,None
B0428,2477,88,Good,-7.729835926565372,62.64439870889766,228.14314822530298,7,None
B0429,1618,3,Good,4.501459682445294,10.644728267369583,175.21483705091197,7,None
B0430,4050,32,Fair,36.55049854426499,85.4539858369028,358.42274017007094,20,None
B0431,2788,99,Good,9.591198164175001,28.9715572782169,436.4888057190402,27,None
B0432,3548,13,Good,17.335026027838417,18.609134780788708,337.21501863399544,9,Solar
B0433,3963,89,Excellent,16.60108394921259,71.45025427047058,360.1427778416746,22,None
B0434,1116,73,Excellent,19.521554491134665,50.038185269337454,186.90344655263968,2,Solar
B0435,4430,68,Excellent,-6.933452217835869,44.7016452814414,392.19734162092385,14,None
B0436,2494,14,Poor,8.108812739936415,29.96024637461934,178.6763890973381,17,Wind
B0437,4157,98,Good,26.156413694127707,53.79771918898549,501.96798871442087,1,Wind
B0438,3423,11,Good,0.028012553649146454,31.950768416206998,381.717842237077,9,Wind
B0439,4019,56,Good,0.17891887731802214,82.12664042296541,525.2873080255981,20,Solar
B0440,2596,67,Good,-9.495469665548764,27.21635837865542,203.63964694538276,21,Solar
B0441,803,92,Excellent,11.874096330410488,80.74841203646028,126.34755771561692,19,None
B0442,2132,29,Fair,34.1367190336711,54.752434058188555,219.79003481520357,4,None
B0443,2824,9,Good,-7.404952820634549,76.27905071161928,187.50346352386293,28,Solar
B0444,2946,67,Poor,-0.4440645251998685,67.0276796688764,467.07358005707385,8,None
B0445,4235,25,Fair,5.504226917137753,65.73560891493989,551.146017816761,13,None
B0446,825,98,Good,26.586236828210644,35.94766461560446,114.97463239857115,4,Wind
B0447,1675,76,Good,22.03177964012933,28.711754517776278,212.23254677483675,9,Solar
B0448,3119,42,Fair,10.79719522909275,26.87089821446305,253.44279380932505,9,None
B0449,467,9,Poor,27.953446962918783,78.5753325647671,123.43955585747335,22,Wind
B0450,164,79,Good,20.481550582845095,75.6341456207216,70.85878109016897,18,None
B0451,666,40,Poor,34.802039982860954,45.245882240984585,95.45610589564494,12,None
B0452,4024,25,Poor,30.901337456934648,20.59236907971637,442.44911464625176,10,None
B0453,3317,5,Poor,2.6406803044600284,40.58018015819667,380.6279750119508,11,Wind
B0454,875,11,Poor,3.5719288817100097,59.54747633095291,129.21851334060435,7,Solar
B0455,1566,59,Poor,-3.732176210380719,46.35225235839623,133.5578713508193,9,Solar
B0456,3196,98,Fair,6.848236285872826,72.4151414786396,311.4926990217418,6,Solar
B0457,462,88,Fair,39.97719593595472,89.80982578011083,128.16364959188718,19,Solar
B0458,778,79,Excellent,10.287558430753052,25.290567075911746,104.57649552597609,16,Wind
B0459,3398,38,Good,1.02442173445532,46.7720655727658,484.83610622352865,15,Wind
B0460,2858,72,Good,28.124144223777648,44.47871215366576,214.2866542393859,7,None
B0461,725,5,Poor,17.123550173132806,34.35940261991607,100.59068092939688,16,Solar
B0462,3515,48,Fair,-2.519927523652373,25.847641337623166,441.1517715220278,5,Wind
B0463,2554,90,Good,9.03448405804329,15.255369319172738,213.53320216257785,16,Solar
B0464,3017,18,Poor,10.723485776967166,80.96954537789587,388.3920088109423,1,Solar
B0465,2836,70,Fair,27.69148502846093,43.58789581490541,422.4997361848093,19,Solar
B0466,1172,37,Good,-8.966431555404776,49.75164148000391,102.94273391182772,5,None
B0467,4129,60,Good,3.450982339915523,83.35536385607327,641.8063302696823,7,Solar
B0468,1621,48,Poor,15.8798150657761,72.10323820127583,235.30844985290798,19,None
B0469,2193,77,Fair,3.442337122642167,20.44010112937474,218.44119364541498,22,Solar
B0470,1737,28,Good,21.421702370949944,55.23359740861939,198.8859807003829,5,None
B0471,4182,69,Poor,14.09337396373083,45.38018212156473,378.69681003928406,29,None
B0472,3901,77,Good,8.08551274297903,73.77688580630102,518.161054025526,17,None
B0473,3490,81,Good,37.46043134352561,67.93860380895595,529.5928199752152,26,None
B0474,3816,40,Excellent,21.60797495932287,65.23245775288575,542.8056986400828,22,None
B0475,2376,45,Fair,-3.5029313866029383,37.24358683839175,370.6899296080856,8,None
B0476,2964,96,Excellent,18.004584872169776,74.39709843194036,444.3661679178127,29,Wind
B0477,4002,62,Good,29.036592660045052,14.191303647588898,473.1761440674317,29,Solar
B0478,645,93,Fair,25.424484874639866,22.769992114573377,96.88307449233558,1,Solar
B0479,778,58,Poor,-1.39553853523703,36.84986183823294,125.75838680442499,2,Solar
B0480,1415,67,Good,38.620999952005164,16.1445952855425,130.41314820222203,15,Wind
B0481,4542,56,Fair,12.4406822873303,28.799542202775328,597.9696010025235,20,Wind
B0482,748,40,Fair,-2.0487498129869355,76.41207863983345,116.72075252050107,28,None
B0483,445,98,Poor,-0.9902122935926041,85.86012302320634,96.31986822136392,18,None
B0484,4221,40,Excellent,-5.0882503905459755,34.36818846193524,259.5196043162666,11,Wind
B0485,4410,91,Good,30.17590542174672,31.161264319107058,426.05611732019264,25,Wind
B0486,2552,77,Good,-3.898475283907567,32.39141217971415,295.7027996533852,10,None
B0487,1869,33,Fair,-3.7437371429126536,32.217526988067505,201.21850915885955,24,Solar
B0488,767,6,Poor,32.523580738041886,12.87441457487784,118.78680080689348,24,None
B0489,2832,88,Good,7.230204222377981,84.15330770648865,337.2362076711309,4,Solar
B0490,4996,19,Fair,-8.457104784596378,27.09585132562627,587.9860740057728,5,Wind
B0491,3627,80,Poor,-7.405235024079456,43.6003259265124,286.59756553485283,4,Solar
B0492,193,40,Good,-2.8914776648052225,10.77495061927742,31.121594199209813,13,None
B0493,3190,92,Excellent,0.6696673987844761,78.63640727320457,383.2293622951196,25,Wind
B0494,4541,97,Good,23.25730971192027,68.49258755639337,509.2089408312115,13,Solar
B0495,2988,59,Good,-2.1336859999085878,85.74048281389625,188.8592312239516,18,Solar
B0496,3686,59,Excellent,-4.0562804411464,72.52923833571192,348.1339345272771,29,Wind
B0497,3272,48,Fair,28.235957073813957,35.09652096416522,245.6097001027846,27,None
B0498,1217,41,Good,23.552764192995724,29.82986869827389,161.6440442612943,24,None
B0499,2666,13,Excellent,11.76621107276181,65.81730460426343,262.3926078459627,2,Wind
B0500,1112,45,Poor,17.4654885740052,39.12902200083995,162.87064461991227,16,Solar
B0501,2206,89,Good,5.599201016320924,55.29720126020933,345.272695985898,1,Wind
B0502,3032,53,Good,14.125021011768034,10.500597682117618,262.574823216021,26,None
B0503,3344,42,Good,15.33363244913729,14.95085613443802,514.3850714680804,19,None
B0504,4779,63,Good,9.361863558904798,52.8294352945321,546.1583529883591,9,Solar
B0505,1206,27,Excellent,35.328610533608135,55.28573171585321,166.56269648398919,28,None
B0506,782,38,Good,-9.196906750949692,70.11623555674748,126.8663161437216,3,Wind
B0507,4380,60,Poor,29.10856315456231,20.557225569916938,552.5000172236568,25,None
B0508,4896,7,Excellent,-3.7808584379337837,51.05464670054231,508.00088861028405,7,None
B0509,1003,5,Fair,29.87736802685997,25.55581155453509,121.53558679846886,29,None
B0510,2589,45,Fair,20.79559578383606,17.455689565015575,184.00427106626324,10,None
B0511,3374,58,Fair,32.16390454682012,42.83966352484437,223.01856087449903,1,Solar
B0512,3351,31,Fair,-5.124283717955127,23.06693184712458,300.78808074798457,10,None
B0513,1592,23,Fair,17.949031704988702,27.74255825538549,164.81786686808573,21,Wind
B0514,1241,42,Excellent,15.054394013109853,35.40436638956014,137.89447682622546,9,Solar
B0515,3043,10,Good,25.30965914816793,30.7510720594557,219.1461151846819,28,Solar
B0516,2731,32,Good,16.71452759468379,17.00730379247571,358.1027742677077,15,None
B0517,1267,53,Poor,17.03672835665521,17.193299588776185,212.61082991317153,15,Solar
B0518,1590,30,Excellent,11.479797178803235,25.459953218733453,242.6304100898222,3,Wind
B0519,3286,39,Excellent,5.441721200367041,14.044735036763116,336.3100748488747,25,Wind
B0520,2436,31,Good,14.113218062609608,60.11656157415417,328.1545082909894,5,Solar
B0521,3769,82,Poor,-4.075382061579971,32.98613732071216,542.1013696923612,9,Solar
B0522,1438,2,Poor,38.07566694915424,32.379677421525685,176.14051992455632,26,None
B0523,1906,78,Fair,25.720538181329914,36.559863539021215,218.84750203570317,22,None
B0524,1415,77,Poor,37.62335583439234,63.023701936777734,289.5568601678557,9,Solar
B0525,549,93,Fair,1.3363691164981635,79.65071051867925,124.97173552870896,23,None
B0526,1730,12,Excellent,33.9670510088264,70.72695460445107,207.4894047672256,7,None
B0527,560,39,Fair,30.43949922817692,68.2023384180076,86.66692357722316,24,Wind
B0528,4362,66,Poor,23.85762062288368,48.75129484806794,331.91886046548655,23,None
B0529,1374,96,Fair,21.251459304260287,65.50444455739294,238.40933012725583,12,None
B0530,1205,13,Poor,5.8274832633935,54.22098944268665,166.00500827387108,25,Wind
B0531,1877,46,Poor,30.820539248251535,27.30004225492231,210.0816073740387,27,Solar
B0532,3191,27,Fair,15.075773073986689,26.687069419284057,247.88031237521756,9,None
B0533,3536,17,Fair,-6.455421205435732,33.711360550022675,389.0342721991755,6,Wind
B0534,1860,95,Good,5.6431580427565,82.86421367758506,246.88517308126896,23,Solar
B0535,2973,98,Excellent,36.76485492726638,53.79318723037807,271.43041934974303,2,Wind
B0536,2264,60,Fair,32.53401303024231,68.71243016014955,358.22612733958715,9,Wind
B0537,4236,64,Fair,39.09528490382696,37.724700785323805,307.39481016325607,28,None
B0538,763,88,Excellent,21.399669130204906,42.61726165321802,119.7491109767511,29,Wind
B0539,3652,35,Fair,2.375503657020598,20.04524629098011,451.4070112807403,17,Solar
B0540,4184,70,Poor,-1.8592475161568114,23.70359662573363,347.6186251083828,1,Wind
B0541,3572,83,Excellent,-0.6542779695769187,76.18852438609164,501.6096908468159,19,Wind
B0542,4318,30,Poor,-9.010217082637281,56.787090535110565,558.6048420624473,28,Solar
B0543,4798,71,Good,9.53410554929696,37.002597270705515,659.1143973757572,6,Wind
B0544,4899,74,Good,-0.4286159750228755,74.22809671964367,360.41325137292336,5,None
B0545,1293,96,Fair,10.58277302283512,29.72159245103864,117.40310185842374,2,Solar
B0546,3759,98,Fair,36.74972159193827,88.0826158880163,388.0080777379577,9,Wind
B0547,1131,63,Good,11.527010475359496,37.58540861969358,160.31822200130782,29,Solar
B0548,505,28,Poor,33.89922484924174,36.98487633209821,113.72630525830743,26,Solar
B0549,4974,60,Fair,20.275238330793826,34.95295244293642,711.6010500426546,14,Solar
B0550,944,79,Good,2.356577733069596,19.768921273943036,154.4527030820418,4,Solar
B0551,1434,94,Good,7.792737962960569,18.890971786560993,233.62583925998842,4,None
B0552,2008,37,Poor,-5.8040232089285295,61.84840276272987,280.31251654657785,21,Solar
B0553,3122,93,Excellent,6.673129679800525,80.00944356464376,282.91169626885403,15,None
B0554,2046,22,Fair,23.8770472751767,73.24164082173388,207.90407818850287,8,Solar
B0555,4335,68,Excellent,-6.394445353528241,21.288607521708087,552.8581360023417,26,None
B0556,554,20,Good,0.2700704239014673,53.64656974336532,62.7305817504404,4,Wind
B0557,1264,96,Good,9.072052070665574,18.447323678131198,97.62589443069356,16,None
B0558,1581,68,Fair,39.102476850798126,13.623571489046196,210.53248696112638,21,Solar
B0559,3490,91,Excellent,29.243091147944007,62.51086875078138,500.761612656785,28,Wind
B0560,873,64,Poor,26.674337324605197,52.81218669442802,103.07925609549324,4,Solar
B0561,978,17,Good,-4.190452173727701,16.56189481691767,135.11035798887943,16,None
B0562,183,12,Poor,29.04979468074957,12.795139712479076,57.358907762795994,22,Wind
B0563,2155,22,Fair,29.263440575800757,89.18051307274678,271.48833467544483,12,Wind
B0564,3677,17,Fair,20.055134781216413,12.40170657192575,227.85862896703986,16,None
B0565,4830,10,Excellent,39.5180890999186,45.56226024401277,353.955638587581,19,Solar
B0566,1902,65,Excellent,6.262695296227598,50.36952196861564,257.87450590623814,8,None
B0567,4960,22,Poor,37.063622412092585,19.382411824035604,642.578162041987,6,Wind
B0568,4225,90,Poor,35.73655574782518,23.524942275177303,664.6671466718775,10,None
B0569,2983,82,Good,-9.425967012531109,38.1444005128282,364.2093872437267,5,Wind
B0570,3334,50,Fair,12.505826323740553,70.93407009709301,253.8192798847696,29,Solar
B0571,4348,14,Poor,38.85521165257867,50.56659392482133,325.8277273002241,18,Solar
B0572,2861,64,Good,-4.8439318795962105,61.03214996423692,372.79307789473023,10,None
B0573,1300,47,Good,17.389234719165973,88.81396440725398,134.36658345205905,10,Wind
B0574,3562,29,Excellent,38.947875352055206,71.44043482505677,335.9306775175312,7,Wind
B0575,1306,76,Fair,17.774771205293007,44.748919851297416,166.8606465837567,18,None
B0576,3426,36,Fair,-0.5092348513922005,45.715353743723895,206.063484929367,1,Solar
B0577,3536,99,Good,19.109161504629487,59.5017661632804,335.8732807209557,7,None
B0578,3634,52,Good,0.22202869747734155,63.22921667351235,366.29834029261906,21,None
B0579,1446,76,Good,15.985213144724213,50.0568740669337,145.74454803972756,1,None
B0580,3687,7,Good,-6.2978891043826,61.588897825198394,251.19414422538452,15,None
B0581,3380,29,Fair,20.274133460720233,11.882599553127902,439.9150735125121,4,Solar
B0582,2753,11,Excellent,15.83949695640791,44.36982911174753,381.18465069634476,28,Solar
B0583,520,33,Fair,27.008068438073153,32.31504608587814,75.26236107124221,29,None
B0584,1403,6,Poor,21.53502355793925,20.33395561944883,205.97284466601536,20,Solar
B0585,2833,79,Good,17.480313426537833,17.96372102470201,291.3735089377986,10,Solar
B0586,2881,32,Fair,24.488942462406058,58.2553732491734,339.0913042917195,23,None
B0587,407,51,Poor,-2.802904321388457,51.88804377220894,88.49240309923869,9,Solar
B0588,3069,75,Excellent,19.767983062930202,30.286729359709533,430.45078170787895,2,None
B0589,717,58,Fair,-1.3944698588611164,47.67600470180116,123.55933853211475,28,None
B0590,4518,87,Good,36.27611039259404,49.37858521459266,331.3073450395458,14,None
B0591,1195,26,Fair,-6.58329475771979,25.600718435089263,81.71130473958077,16,None
B0592,4235,98,Good,11.518737484539663,62.16744495053205,647.3622761320686,1,None
B0593,3769,46,Poor,24.78987388277224,72.47354851088724,407.6257789627661,2,None
B0594,2795,98,Fair,12.901110583412937,73.31708327116152,292.60879032979074,7,Wind
B0595,589,29,Excellent,-5.395237338354883,58.197586456276404,97.49009795912134,29,Solar
B0596,2829,4,Good,17.668950806335367,50.93108660152112,404.03912919245425,10,None
B0597,4186,81,Fair,22.081595441367725,14.880571440431591,616.6323198823717,22,None
B0598,4885,99,Fair,25.189615549525385,33.02650390812847,456.4172919636383,20,Wind
B0599,3825,13,Excellent,8.662990723137945,17.461715742253592,529.075940731287,1,Solar
B0600,2558,39,Good,18.18299855143811,87.10585287027789,192.75611870752505,13,Wind
B0601,2829,15,Good,12.534323746945656,20.806411698060856,174.1473274673273,1,Solar
B0602,974,29,Good,23.602801937612668,22.142032788088166,132.0074649107872,5,None
B0603,3006,29,Poor,19.177848366240926,81.16612946643937,232.10768860937586,16,None
B0604,1631,75,Poor,16.287810977956745,85.51426267811662,197.80717328957417,15,Solar
B0605,3374,32,Good,2.476218341912432,71.26632313879279,427.2319628995782,17,Wind
B0606,4535,2,Poor,-9.899074112588304,10.43239389381359,377.3391767661077,28,Solar
B0607,305,47,Fair,-1.295916234428537,10.107701676525096,41.25317782883956,23,None
B0608,4854,78,Excellent,-4.146697928791568,40.24806158299606,422.44051122547984,16,Solar
B0609,1888,84,Good,12.454237250547337,21.471629600871402,211.61498958273708,13,Wind
B0610,1994,22,Good,20.612907538092234,11.470891372127783,211.16135526119967,11,Solar
B0611,59,75,Good,0.6542504342404083,47.12533515236038,38.48922007002571,17,Solar
B0612,2921,27,Good,36.952854798359354,85.44495179255773,419.2411793195596,17,Wind
B0613,847,67,Poor,-9.66589353880561,35.90556599219451,105.46132400674722,2,Solar
B0614,1065,81,Fair,28.615050758267145,62.89125427429572,200.2342889014691,13,Wind
B0615,1874,56,Fair,21.26023847652211,62.17882825059526,159.97990929724267,14,Solar
B0616,4519,92,Fair,8.677740052384095,30.08640829321342,384.89053449440695,11,Wind
B0617,3186,93,Good,-7.475552779379604,62.03401990590915,457.5310272613476,28,None
B0618,2243,21,Fair,21.374328589213967,26.9867179429513,227.71436540960866,10,None
B0619,273,47,Fair,9.280675643282404,19.760593086151125,59.25897660950915,3,None
B0620,4998,80,Fair,36.813356970660955,66.1106628447752,558.07029997369,29,None
B0621,4208,59,Poor,17.099503744488295,19.07526536831334,576.5614237110585,27,Solar
B0622,3975,84,Fair,36.98257556467541,89.75273748714842,438.00736295500536,17,Solar
B0623,4834,6,Poor,1.0241846736652054,24.676192092018347,460.28157187431094,15,Wind
B0624,4050,19,Poor,26.286295518205165,57.5313490205166,410.5645452856627,9,None
B0625,1683,57,Poor,20.862451042436284,42.90996571300715,267.3797503023874,10,None
B0626,2202,69,Fair,26.970411491565592,20.110913792453367,286.2969330436002,8,Solar
B0627,560,3,Good,0.7333931986268389,12.227512606193072,85.88663607597292,21,Solar
B0628,434,1,Fair,23.249725811888688,59.81858258342666,68.35820907604975,13,Solar
B0629,454,58,Fair,14.90201965284345,74.54060510313009,87.82594948441493,27,None
B0630,4663,38,Good,27.141248745315814,77.36125292053953,467.4933914625253,18,Wind
B0631,4621,15,Poor,6.3522322075908875,48.61707784615476,545.2761860753395,5,Solar
B0632,2050,34,Excellent,34.50285127326263,72.19643737459084,324.6565688520201,6,Wind
B0633,2806,61,Good,-5.7849342694324815,63.82777067908358,270.26348957273973,17,Wind
B0634,1718,35,Fair,30.3594659395594,67.94036219993066,247.04057303848964,11,None
B0635,1510,64,Good,33.06598129075454,49.40792041774513,173.34937977535708,20,Solar
B0636,3686,25,Poor,30.862615568341063,60.672939219370164,467.43219291921304,16,None
B0637,2774,24,Good,15.636319713088803,74.44207308608456,421.6808932448655,9,Wind
B0638,4859,12,Fair,11.919249001538066,41.830734044561844,379.9022684660657,2,None
B0639,4228,18,Excellent,39.81311432624384,74.4783120694067,418.80308561930264,5,None
B0640,2098,15,Poor,1.4585975607081068,57.361347423125025,342.43573782558076,1,Solar
B0641,4196,80,Good,17.34379829380223,23.272081949662898,616.5648910937248,4,Solar
B0642,4830,27,Good,23.53377626911628,11.974732577966769,540.2157595913869,4,None
B0643,766,72,Poor,25.043381793071596,39.02028803193217,130.67549014975486,22,Solar
B0644,4594,60,Fair,0.20123328692893416,53.735706263707186,386.74262689339884,26,None
B0645,4633,46,Good,22.69970461699006,77.18562817627907,512.7196065314319,25,None
B0646,1873,89,Excellent,30.918478324066868,20.198854411219695,311.1926373641528,3,None
B0647,2131,17,Fair,-7.499071158944389,74.01650781468634,279.7632857826237,9,Solar
B0648,3469,93,Good,35.57606466626582,79.04072368537815,341.7394313313745,22,Solar
B0649,1624,53,Excellent,-8.524797242739703,22.054998960066705,121.9076642125878,23,Wind
B0650,299,8,Excellent,7.798551624419716,78.12754554433752,47.881405308028164,12,Solar
B0651,723,79,Poor,-9.209340188351897,89.31628542742337,106.29586491923163,10,None
B0652,4583,27,Good,-6.142741573020906,68.147106483859,295.2373662560506,2,None
B0653,2215,46,Fair,35.55841425900395,72.78157454599904,257.7504352182086,11,Wind
B0654,820,50,Excellent,7.743041537307391,89.55322140470987,87.54831458535125,10,None
B0655,4012,71,Fair,11.238576521252643,58.43850004207563,328.2277238711518,22,Solar
B0656,4413,3,Poor,0.7672190691276306,34.630910561299956,479.68206072448714,6,Solar
B0657,2034,93,Good,19.85478850933599,77.00246672608445,199.9335118937045,18,None
B0658,1127,64,Fair,19.740160733889482,59.1588622009305,121.71546915922308,2,None
B0659,285,44,Excellent,8.610019591260961,56.49563389767653,46.725284056031995,2,Wind
B0660,438,53,Excellent,6.65174359026992,30.290844441123063,59.248749209538204,10,None
B0661,3087,24,Good,34.24821540902939,70.50674156663092,360.503712461845,16,Wind
B0662,4908,60,Poor,9.164211982110068,16.5333820688077,320.77205426091615,12,Solar
B0663,1898,3,Good,14.67504960772041,83.94296566357289,271.4626956846536,1,Solar
B0664,4769,20,Poor,4.1652381212465315,36.06587686163878,693.5463124974582,21,None
B0665,2864,46,Poor,29.338475167856366,20.221972223199238,397.5915611185607,8,Solar
B0666,3424,15,Excellent,9.87240784495458,45.389322648193506,373.7057192619264,16,Wind
B0667,3328,25,Fair,15.680552327216226,13.397592740522652,475.9452165255662,18,Wind
B0668,1302,94,Fair,2.667858502983071,64.7700955411973,216.19318880529815,13,None
B0669,4031,78,Excellent,39.38297961706259,82.21644083562849,252.58306055477544,15,Wind
B0670,4723,71,Fair,4.5747870461861435,76.9810405710807,483.96161579866947,21,Solar
B0671,2172,17,Fair,28.53712654527758,20.189557875830488,323.1406298131486,12,Solar
B0672,4580,84,Excellent,11.37478251783796,20.10169096861855,421.0140880742073,8,Wind
B0673,2200,9,Poor,0.31087025420699455,75.07475858594113,156.19608367819257,10,None
B0674,4909,38,Good,29.985938198243062,83.94034196824927,666.9784063684102,14,Wind
B0675,1379,48,Excellent,6.680339451452159,46.85358638667913,200.53378969648344,5,None
B0676,1408,60,Excellent,33.25966736989055,49.917689353101274,142.45264466822815,18,Solar
B0677,2532,63,Good,35.76285924589115,35.46096331085807,299.87460555301277,19,None
B0678,4592,86,Fair,32.9911917695638,81.54120946051312,376.44047540480693,15,Wind
B0679,2067,2,Fair,-8.249604259659717,61.592232423388474,269.7620962492651,6,Solar
B0680,1381,88,Excellent,29.368667250255278,33.06012617338948,170.00696672496287,27,Wind
B0681,4394,72,Excellent,10.566973324957193,33.90262968434013,383.24500267096374,11,None
B0682,4311,11,Good,33.686146009111255,81.29600584508819,625.1084448738476,21,None
B0683,1408,64,Fair,21.897713134236938,11.090721912465717,165.4364142546386,11,Solar
B0684,4687,77,Poor,31.68215670719792,35.81812581813107,618.1671242632685,20,None
B0685,4904,81,Poor,14.971588493341766,54.34853449730952,502.6827348189993,20,Solar
B0686,3227,72,Good,16.751275229946643,21.85739696794597,299.232854772356,21,Solar
B0687,2178,21,Fair,-2.7806183933166384,17.367900335967185,253.517329323129,18,Wind
B0688,2230,18,Excellent,29.199367934467773,75.2221064872448,182.93481574445062,25,Wind
B0689,4942,94,Good,10.969480583348581,81.55235109188058,508.22224099819596,18,None
B0690,187,64,Poor,15.004005913579132,75.88851366385515,82.10248099906049,10,Solar
B0691,3522,82,Good,29.25488570478538,81.90303117898782,484.74348349941,2,Solar
B0692,2882,95,Fair,19.94227000397195,54.24895768466972,492.2965855477446,26,Wind
B0693,3629,38,Good,0.05493637213337266,74.98064967922735,569.2835413847173,9,Solar
B0694,3081,32,Good,19.511632957544638,40.723411071288034,327.2961461440713,14,Solar
B0695,4214,11,Excellent,10.38164289898279,63.30142891832308,341.47179096676916,19,Solar
B0696,2643,45,Excellent,13.476277102193134,89.10684251113315,281.5760981413033,10,Wind
B0697,4350,89,Fair,-8.58443627986661,28.058217907130192,615.9347744792326,23,Solar
B0698,3868,33,Poor,0.5014674758140796,41.19197970328645,297.99778472940847,4,Wind
B0699,4188,41,Good,4.051904069051414,48.40379018480685,638.0756459178526,29,Solar
B0700,3873,8,Poor,25.64800039294029,21.041238961604137,357.6377075504827,29,Solar
B0701,4092,11,Fair,-9.425376335094235,16.48308883720454,610.7010856322884,6,Wind
B0702,1956,86,Poor,10.438863061456601,76.37782930572995,328.4544383222406,14,Solar
B0703,810,51,Good,36.201343521286645,88.1435498262069,161.33647547408583,4,Wind
B0704,3495,88,Poor,-4.4059691725438075,42.3780051063727,323.4258778910425,26,Solar
B0705,949,41,Good,15.821219410930553,17.011986895572264,68.01361847768561,15,Wind
B0706,4505,17,Excellent,29.326119119542355,15.264940855246119,420.5167130955658,16,Solar
B0707,2997,76,Poor,37.126565376005836,81.3054565088239,312.6389640298822,7,Solar
B0708,1769,46,Poor,27.338831976685896,47.105139978214396,157.60329360659284,17,Wind
B0709,330,32,Fair,26.028277432220307,35.60218532499135,72.12829628390139,19,None
B0710,3316,79,Excellent,31.324404509788124,48.11690169915196,341.9033889090609,29,Solar
B0711,1937,80,Fair,12.310061048877184,35.464327575387784,271.0546103727298,19,Wind
B0712,3316,54,Fair,30.292226630891655,49.1228620246096,424.012397227186,17,None
B0713,716,86,Poor,-9.601779762727444,78.76451175343495,98.4574924361041,6,Wind
B0714,4238,92,Good,36.22805276884024,57.384109684967655,674.5204937497908,29,None
B0715,721,20,Fair,12.165325475858765,65.57230182481403,85.5491082127399,11,Solar
B0716,2019,33,Good,17.669009393287382,39.17365409874692,217.91947589157056,16,None
B0717,4206,74,Excellent,2.744112445744115,69.0804702808415,441.1437954195784,25,Solar
B0718,3172,40,Fair,27.126541642021074,63.32936679034979,465.33961039857127,8,Solar
B0719,4749,32,Excellent,-6.168209676237559,19.564959820164518,291.15216492833997,11,None
B0720,4827,97,Poor,33.631790127341766,55.81142824924677,518.2605843453628,7,Wind
B0721,3950,2,Excellent,31.40584145031714,30.53947970478064,465.9241822495212,26,Wind
B0722,573,97,Good,0.8030058122383199,74.32765357068743,77.29475116797204,24,None
B0723,2443,33,Excellent,30.46621991426312,44.07501667735516,304.13184872310256,22,Wind
B0724,3167,77,Poor,29.317886653074076,89.57473321571898,551.6670557190351,25,Solar
B0725,2643,30,Poor,21.61082988769745,17.400035035117103,422.8583899648008,19,Wind
B0726,2018,33,Fair,8.676008844984377,72.42782901921268,150.4587298470549,26,Solar
B0727,1803,77,Fair,3.574937709093394,63.89613868337251,169.82443600320346,10,None
B0728,2346,26,Fair,1.5891795144675012,71.39990644725643,228.93005601621712,9,None
B0729,2311,22,Fair,5.930448138180358,34.60238363923651,226.82713826720098,4,Solar
B0730,2336,66,Poor,35.17792217162652,49.36435915059205,253.8023433984206,23,Wind
B0731,4252,38,Fair,-6.117961200560936,73.72068157789667,335.077845022374,15,Solar
B0732,2928,90,Excellent,31.44356381264793,28.6033065296684,454.38123492098117,13,Solar
B0733,4193,46,Fair,7.44450375209118,28.082655743092168,630.4122988021152,25,None
B0734,3694,15,Poor,16.07996980056791,54.08407626359459,243.08711234779662,2,Solar
B0735,4482,98,Fair,29.724281682424532,51.88508636238846,432.56585000816244,2,Wind
B0736,2105,44,Poor,34.21882735114856,32.58099763303463,248.7634535218067,16,None
B0737,4770,49,Excellent,7.2390710036323505,33.84605204198582,386.59125878336715,9,None
B0738,1326,75,Poor,13.092174063755515,32.22761305652524,196.02082725828888,28,Wind
B0739,2816,61,Good,10.725803240839614,71.72096495987901,361.80991413981366,13,Wind
B0740,352,67,Excellent,-9.337448324804473,62.15206924499685,86.56299544750011,3,Wind
B0741,688,6,Excellent,4.797144442932829,76.59337467282022,107.90935855824526,9,None
B0742,105,9,Good,12.959461686628092,88.03784226512175,47.937612397494085,13,Wind
B0743,4871,6,Excellent,10.55468044402199,47.933143701758915,579.8999759852946,21,Wind
B0744,575,73,Excellent,26.096461375783974,15.335510512435908,73.03448950788821,22,Solar
B0745,4619,95,Good,9.240180861055162,13.847384832962835,558.5600115171817,2,Solar
B0746,4173,32,Good,14.468822448533512,33.653203141729534,434.6768031381636,8,Wind
B0747,2175,41,Good,11.480429606618166,84.60356714819608,177.36796769083077,27,None
B0748,3337,76,Good,27.03130744471853,51.857044397669995,300.2737082122037,9,None
B0749,414,8,Good,33.148619949348124,31.742921286410333,61.483669703897704,16,None
B0750,4671,72,Fair,16.59445395037571,41.93334356088157,697.9886197172475,2,Wind
B0751,1696,50,Fair,29.471609709759562,57.88760859237367,183.0075334753759,6,None
B0752,968,92,Poor,4.839334100992529,62.23597265102738,130.54164737970493,22,None
B0753,2847,62,Poor,17.068480507863434,22.3135607826324,286.62676338639653,8,Wind
B0754,1581,84,Fair,7.261497683498622,88.16253412361408,255.6779545643553,26,Solar
B0755,3395,62,Poor,10.710046278591516,53.58177815862311,257.64249723945886,28,Wind
B0756,1956,7,Good,26.62069324063343,20.855065423382342,304.7907794652993,5,None
B0757,3136,75,Fair,34.08312411663564,81.4908202676907,490.82289750217865,9,Solar
B0758,4630,84,Excellent,-3.9252304456117297,15.971074486354304,541.5323540938672,1,None
B0759,2125,80,Poor,21.731962824369024,82.61883465420101,313.2134661373509,9,Solar
B0760,763,4,Fair,19.107190378889925,89.7252525031186,84.15448900593915,10,None
B0761,1112,6,Good,-4.079248041203406,66.03454393252031,112.8690281788251,23,Wind
B0762,2026,58,Good,0.594716522005454,71.63577768591918,301.5329694930412,4,None
B0763,1346,22,Poor,5.550124736634013,36.984226917398914,100.76955143626701,3,Wind
B0764,175,26,Excellent,-1.6534464591249272,85.3261482187147,41.31948149468707,10,None
B0765,4682,3,Excellent,2.186474126217089,52.37711728866941,522.3415997754648,15,Wind
B0766,3646,41,Fair,3.380039943085375,68.5910757278044,322.55110222867773,11,Solar
B0767,3333,60,Fair,6.7836916519529815,83.92861727290236,522.0491940076367,14,Wind
B0768,1653,14,Excellent,27.469522640057953,88.01439807804067,139.80851976855533,6,Solar
B0769,116,75,Good,18.595610192530035,76.65634852773395,67.42892875901003,12,Solar
B0770,282,82,Good,39.312333597570074,34.241400558562404,79.36748809502558,13,Solar
B0771,2206,12,Excellent,10.73679134837355,87.3238013241666,305.4713859757607,17,None
B0772,1219,87,Fair,27.69325369184625,60.24956249948574,153.3318406787504,16,Wind
B0773,2208,12,Fair,33.57342106882669,84.45139810815678,276.80700360423776,3,Wind
B0774,4256,13,Fair,23.948924651902097,64.08840206514814,620.0022013089828,2,Solar
B0775,1543,25,Good,10.593237020874799,34.57911694781764,172.36254947625946,11,Solar
B0776,4768,45,Good,27.679731537287644,39.60196193142528,447.6076866759195,29,None
B0777,4057,19,Good,0.18335688863424338,54.03774216823524,439.85718449026984,9,Wind
B0778,2522,55,Fair,6.377608259006621,73.20118732479057,346.82347761216795,3,None
B0779,2710,45,Fair,17.33426275496444,35.438604107226794,283.5540512243607,29,Solar
B0780,2789,8,Fair,18.770469364307417,56.37849329073536,433.9538916307866,18,Solar
B0781,1811,93,Good,-8.892926226368527,37.64999948611212,180.8276249091945,20,None
B0782,3564,53,Good,37.255709437800434,75.26155237080857,413.06926002499563,15,Wind
B0783,2025,55,Poor,24.831363560869498,47.33824750143604,306.27120989581243,14,Solar
B0784,2412,32,Excellent,14.785187511594554,16.13782614823082,303.9983247992605,2,Solar
B0785,926,51,Poor,36.65636172041542,23.284201718522908,171.70167797395038,17,None
B0786,3862,44,Excellent,11.954778262541424,14.888373409570583,597.6627311450428,22,Wind
B0787,3498,82,Poor,39.02177851351859,49.94423568114602,385.377155264051,26,Wind
B0788,1362,70,Good,15.614237862174257,18.506983787858175,129.29078338926487,8,Solar
B0789,1510,18,Poor,-4.285711500101027,19.13119754477057,92.13395497857076,10,Solar
B0790,2759,83,Excellent,28.24004862296386,85.28386080307017,411.4523449177403,26,None
B0791,2374,22,Fair,23.944886253892022,79.81240577408444,379.2590872312654,18,Solar
B0792,1783,37,Poor,28.649336065279336,46.16692774490928,181.46543439479117,25,Wind
B0793,1655,96,Fair,37.57210143628405,88.86442566801647,193.06350945336027,29,None
B0794,2613,56,Poor,28.824465132550905,10.014922253653049,182.89815772120525,19,Solar
B0795,3471,59,Poor,20.566830110832342,59.1183565018715,517.9426956280223,8,Wind
B0796,3567,3,Excellent,32.86544511804205,59.314254189749605,318.1851704606329,28,Wind
B0797,2447,28,Fair,23.662321967726577,46.59544446959106,254.98654119272726,8,Wind
B0798,3785,74,Good,10.405952841296155,41.75583783474343,430.23195666405934,3,Wind
B0799,2920,35,Good,34.280988212088666,46.43065083844861,430.4633029697642,3,Solar
B0800,1210,61,Good,1.0950230392186437,43.19683488637444,180.80549326281127,12,Wind
B0801,4904,93,Poor,25.732063745436207,68.43939819858394,641.2252039966138,22,Wind
B0802,292,54,Fair,34.07817274703785,20.828434797862727,67.56544705340706,17,Wind
B0803,2640,63,Good,26.565825985164814,25.811137647290412,311.5518651203001,4,Solar
B0804,1113,79,Excellent,24.863770952692846,24.441458271393888,173.29040264979216,17,Wind
B0805,4374,97,Fair,27.631914703591804,30.997646809701163,714.2615726234804,14,None
B0806,2645,7,Fair,13.252762415032219,52.02067350252666,215.5935844204738,19,Wind
B0807,969,76,Fair,33.7085341078513,18.8966997870575,107.56517003057496,9,None
B0808,55,49,Excellent,0.1718237568045602,79.45354362612034,39.391697839413794,21,Wind
B0809,517,94,Fair,-3.6306791999830352,33.788922504677785,87.48258991448476,12,None
B0810,4220,85,Fair,4.275439005925577,23.003038997496628,605.4981754453052,5,None
B0811,53,31,Excellent,16.578869838749657,64.04970476785947,34.50225680872194,11,Solar
B0812,695,58,Poor,15.528089770466906,13.046904047945542,108.45949971596424,20,Wind
B0813,167,61,Poor,31.029937883829334,59.59748518993314,82.45627325079481,3,Solar
B0814,2978,24,Good,10.228432820200869,65.85587445411998,192.39949705378498,21,Wind
B0815,2601,20,Excellent,14.217221314575433,27.193322510937534,264.4413201632362,15,Solar
B0816,4339,37,Fair,-9.331615837030219,13.357125875490743,336.972786099899,14,None
B0817,896,4,Fair,10.486961822146952,39.09162871355597,97.3206321796387,11,Solar
B0818,2812,92,Fair,22.388711647517106,17.887538419354918,371.8636294389842,20,Wind
B0819,1191,20,Fair,-9.22458346867039,19.318227973866968,129.37025377044168,8,Wind
B0820,1860,60,Good,4.044098259312188,30.340898515589167,135.3521877543421,4,Solar
B0821,773,24,Fair,0.39781796446949613,33.63743397014075,130.62378459442448,27,None
B0822,274,50,Fair,-7.9007285545205885,52.397627281713646,65.13860318841292,12,None
B0823,4677,49,Fair,13.963004495726874,64.27135084024104,647.3650224018212,8,Wind
B0824,4258,51,Good,-0.9138353385921754,57.42167526961478,283.14310402841204,6,Wind
B0825,4704,96,Good,27.154076981569006,21.868826983161345,325.1907693443161,15,Solar
B0826,2098,36,Excellent,32.39639418816743,23.766882596210117,141.29887725200422,12,None
B0827,4799,98,Poor,17.27925913345739,80.30153998343316,400.96413452076354,16,Solar
B0828,4465,66,Excellent,39.08536712605708,54.66818520512909,461.38004795030344,16,Wind
B0829,1623,79,Excellent,12.523928573529766,79.59502663181512,287.2351130525478,27,None
B0830,1878,34,Fair,15.668410511245774,39.72372090558995,211.8928768336565,21,Solar
B0831,1967,36,Fair,39.46088769788751,59.15200059450591,204.26951150830638,20,None
B0832,4284,6,Fair,1.5774217982524412,51.89307328436886,476.8487015526091,20,Solar
B0833,2076,39,Fair,37.12729698384526,35.52987918563701,166.34327460421719,28,None
B0834,3794,42,Fair,-7.8581222440443375,47.59322976268763,448.1691841268408,4,Solar
B0835,951,58,Poor,12.319344513159738,50.19927014615456,143.0329613462975,11,Wind
B0836,4835,12,Fair,-6.499824393346712,26.061677980534288,634.0758380218355,13,Solar
B0837,2089,3,Excellent,26.46173714568215,35.20082979013853,330.5066317051592,29,None
B0838,59,18,Fair,20.42044679400089,73.31278004055804,44.972320598730995,9,Wind
B0839,310,40,Excellent,25.331713173379818,83.26305915633017,71.2210225137094,4,Solar
B0840,1723,21,Good,8.724019998400848,38.783527483623956,265.89374355918085,12,Wind
B0841,2269,15,Excellent,8.474096701569014,34.55778257672145,309.88473058597606,9,Wind
B0842,2110,97,Good,-7.73403605195527,25.615773165750603,256.3397578948748,13,Wind
B0843,3763,99,Poor,7.497246976481989,64.27929349204649,607.502427867139,16,None
B0844,1669,26,Good,36.464420113102975,35.847976133306986,132.16500091241323,26,Wind
B0845,370,8,Poor,8.96132685902245,89.01996312793509,101.5395821261103,6,Solar
B0846,1392,94,Fair,31.568385311098496,36.05478416511626,130.81759136231315,10,Solar
B0847,2426,87,Excellent,32.1162752374967,41.53088374261025,292.3573835829921,13,Wind
B0848,2882,42,Poor,8.662057818961692,58.26673569696278,447.0823838896539,7,Wind
B0849,2874,44,Fair,21.599434019809454,74.1347434553044,268.7904962916353,28,Solar
B0850,2044,14,Good,-5.2314198863470684,47.56149322765069,212.2528082295677,26,Solar
B0851,3008,78,Excellent,-4.816070963286175,43.812482703116665,285.7188842117243,19,Wind
B0852,2088,2,Good,-7.567116816914334,89.65102668758466,327.0856020494447,24,None
B0853,3540,37,Fair,19.050754668755474,10.839491291195555,492.93109800660784,19,Solar
B0854,3727,69,Good,11.303548881304852,81.60522310809966,489.74577046941016,17,Wind
B0855,1168,38,Fair,17.401617833212004,21.931266075178996,155.65078382816841,13,None
B0856,1654,41,Good,16.05365952541939,72.87402209671308,259.66921985796125,13,None
B0857,4077,62,Excellent,7.510149554536515,59.434524787703836,403.82865654548135,26,Solar
B0858,285,60,Good,23.873670741173648,37.34778283984737,63.716391483272204,28,Wind
B0859,2019,14,Excellent,27.925094045819534,79.90999644168147,283.9083402173326,21,None
B0860,4479,89,Poor,-9.268587056116214,11.032578238479358,422.12657048104614,2,Solar
B0861,1958,84,Good,0.3621149884439152,28.135252165993894,135.41296862046164,10,Wind
B0862,425,2,Excellent,25.661793404166843,55.35142369996288,48.94141557221179,22,Solar
B0863,3580,70,Poor,9.33100863169171,38.12338080397584,262.2719685428305,13,Solar
B0864,2685,17,Excellent,23.12419734708041,58.83019962546621,394.6457212257175,26,Wind
B0865,1620,89,Fair,7.348132986727922,11.928815472693346,190.10973243207783,9,None
B0866,2610,28,Good,9.537757616481855,19.316714438537,330.98344326890145,1,Solar
B0867,3441,66,Excellent,-2.0660563155157536,20.16769921747514,321.1825635995514,14,Wind
B0868,3015,35,Good,2.9115509833080004,25.142691673280755,247.05201029700865,29,Wind
B0869,3693,5,Poor,20.270587875379363,46.746515264043424,351.1318292999572,16,Wind
B0870,3900,65,Good,11.658155565758321,70.1702959634857,561.5193994745632,20,None
B0871,922,40,Good,28.715134147229755,82.44310703431209,157.47251376326744,15,Solar
B0872,1302,76,Excellent,32.62924774691714,76.82980242273969,229.4702255099836,1,None
B0873,1364,56,Fair,17.082320910837993,25.751029742054683,201.08473772436662,17,Wind
B0874,4870,36,Fair,27.913364602802957,45.29204417845059,566.9817713885827,24,Wind
B0875,2948,45,Good,5.3452256597285,25.952927820682802,356.74802515437307,13,None
B0876,127,23,Fair,10.748560770003909,31.15774533337526,45.876329796466365,27,Solar
B0877,2671,47,Good,25.63888381084155,50.28375852095089,393.00525565374807,15,Solar
B0878,4277,31,Good,9.310599640851535,15.448721977881803,241.6575844161966,16,None
B0879,650,11,Excellent,19.42524675794944,27.453946367461857,85.74872941974037,16,Wind
B0880,1115,10,Good,-0.7313610458744257,84.83025290456938,159.65612967156483,2,None
B0881,2186,67,Good,19.9885657485249,47.28930341267912,330.62877358842337,17,None
B0882,2499,14,Poor,33.07568536134468,45.63092207822977,225.93676632447512,11,Solar
B0883,2393,80,Poor,33.431981991171284,11.165372380102312,365.58760679777987,8,Wind
B0884,1913,74,Poor,26.217220316476983,29.791979764667662,323.37683813580503,20,Wind
B0885,1368,93,Poor,27.287668953806303,79.30339487857451,195.09738242133295,3,Solar
B0886,4761,10,Good,17.896372257535035,23.1702742606935,676.949622436969,29,None
B0887,3647,76,Good,19.233404508291237,43.20999516277769,261.50186302603595,12,None
B0888,3812,94,Good,-3.3174709294740996,11.1464724693601,258.8295139806012,20,Wind
B0889,4720,1,Excellent,12.192959421065055,48.26683853364447,313.9227126282096,16,Solar
B0890,2240,5,Excellent,12.538814194318192,11.681688538097372,133.87552220309473,14,Solar
B0891,1042,20,Excellent,37.92489178338701,75.56876424526399,177.12920027409695,16,Solar
B0892,2762,8,Good,11.554343131164472,75.98830139896829,186.4984549564354,27,None
B0893,2242,43,Good,17.467132245137883,73.01937506418959,223.53001836752043,21,Solar
B0894,1298,76,Fair,16.662569963955125,32.66912551128946,124.19054700646544,17,None
B0895,3104,1,Poor,21.83808585221636,76.97897745774544,298.2698738013872,11,Wind
B0896,4648,57,Fair,27.411641566594795,53.439850608421544,321.7350173908808,17,None
B0897,4083,64,Excellent,1.2520938085436057,39.904648709360195,513.8742293042867,19,Wind
B0898,2047,84,Excellent,16.436220954921787,60.02639677633864,180.2621365095023,22,Wind
B0899,4966,28,Fair,31.295885365801524,10.98728368482992,702.4989914441489,1,Wind
B0900,3737,37,Fair,13.155735691875574,21.43687020806017,512.434616976533,27,None
B0901,2201,47,Excellent,3.922877318678651,69.38348305362102,153.19770112763132,12,Wind
B0902,4068,76,Poor,22.735453767814953,29.532928697292242,624.4326128428773,15,Wind
B0903,3160,37,Fair,31.18836978995615,57.84072938629997,213.23391674540161,18,Wind
B0904,2020,49,Excellent,-6.842985353630434,40.80820822584237,173.25039228704426,28,Solar
B0905,247,44,Fair,28.839524170361358,78.38446230394092,74.99548766932617,23,Wind
B0906,2676,56,Poor,31.08239664808856,86.19322447973148,303.1477211753708,14,None
B0907,1252,28,Good,13.076146379430341,80.68517826961524,168.5224551550088,1,Solar
B0908,2085,79,Excellent,39.16528284092337,31.649599575487734,319.8864169786872,13,Solar
B0909,527,6,Good,29.335417035365452,25.53302952368658,69.36389208142621,15,Solar
B0910,1304,61,Fair,28.68312824478329,47.9547914896588,199.0797098183446,7,Wind
B0911,972,20,Fair,27.391928720603588,10.586732066894422,89.92177967616551,15,Solar
B0912,469,78,Fair,-2.4695948390863,12.064751429054539,74.73317630528278,20,Wind
B0913,2254,2,Good,0.8615443226505413,54.263251169840004,183.35551934070287,10,Solar
B0914,2647,73,Good,13.19950657322125,51.635952333222875,218.58823536918726,14,Solar
B0915,1170,37,Poor,3.200217497973293,89.56655912282079,139.80042135361714,6,None
B0916,3118,20,Excellent,10.762048616702021,26.14734682910065,231.11048589409867,14,Solar
B0917,1000,26,Poor,34.42320549614603,30.648314332837472,148.78233058025728,24,None
B0918,2386,29,Fair,31.216344593963463,19.083251386102937,360.8737289194449,25,Solar
B0919,2293,1,Poor,21.501993923999112,83.40344077229958,186.7679311273834,22,Wind
B0920,2695,35,Fair,32.90601971255518,72.22489955667606,386.1839867389103,12,Solar
B0921,1907,70,Good,29.18861945086246,75.7871289165478,276.4144486776253,11,Solar
B0922,4662,59,Good,11.449246592044524,82.2211030371607,691.4699050274864,29,None
B0923,1915,69,Poor,0.053257602497255974,51.99199893806706,192.91321034556304,25,None
B0924,2962,33,Good,15.710052000466959,46.095455316057894,314.77175668846905,20,Solar
B0925,2903,51,Poor,26.811444126427503,36.43131789324932,458.38671193115124,22,Wind
B0926,4960,78,Good,11.820979936479652,57.13716914782844,620.0284635150412,24,Wind
B0927,3278,12,Excellent,23.33859548919486,46.342271743185805,315.690773364153,25,Solar
B0928,3769,20,Fair,-5.283628685447819,46.12524692844601,260.2065888545513,19,Solar
B0929,3278,53,Good,27.40023681857017,84.95422909849111,303.83426260317583,2,None
B0930,2421,88,Fair,30.6356809946531,88.72252114233041,353.22368843732016,22,None
B0931,2941,43,Poor,25.341892789027057,73.71875114636646,422.3174876212159,20,None
B0932,3806,98,Fair,38.36317937631828,70.54064721975426,317.3796812438432,1,None
B0933,4275,89,Good,31.332602873032023,64.44465294232812,542.3252963008113,8,Wind
B0934,144,50,Good,35.154686393826914,23.285988186681095,56.34955175663867,25,Solar
B0935,2724,29,Poor,36.6785541728824,14.728465670052362,324.376718499375,14,Solar
B0936,2005,57,Excellent,30.067399593690425,65.25810520906106,287.0642471186155,9,Solar
B0937,843,39,Good,23.712942100324952,68.30289778052608,157.1486087333107,2,Wind
B0938,1884,95,Excellent,-9.714070931960535,13.757839287851183,164.86400414249232,25,None
B0939,2166,56,Good,13.291287661156236,84.24414001830785,347.64654311990364,23,None
B0940,4156,43,Good,18.55811493111805,17.2912511555742,298.4728350277757,5,None
B0941,3375,50,Poor,5.201513622399981,32.87204270169619,265.801223831331,23,None
B0942,2969,23,Poor,5.905222345173604,63.79118502389636,265.0057303209892,29,None
B0943,2647,44,Excellent,38.05797078550826,23.589807552358106,192.88643683225644,25,Solar
B0944,3255,38,Fair,34.58554326013729,14.433271075379555,270.3469006347038,8,None
B0945,4857,84,Excellent,32.45895027508521,36.49171913313198,328.89647054594695,16,Wind
B0946,864,23,Good,10.30059008530553,71.27772598841432,145.89428610048694,22,Solar
B0947,395,45,Poor,-9.315072479554273,43.09429431882083,58.092001323306995,16,None
B0948,2399,52,Poor,-5.988887677214296,62.23783375263515,344.0605557133486,13,None
B0949,412,80,Fair,5.609818410880184,56.369527778250934,77.7610113265452,20,Solar
B0950,2493,50,Excellent,-9.212854350216151,11.777478562046433,381.204306877023,29,Solar
B0951,2315,8,Fair,-9.142510904240094,89.08319896365653,308.6301425929048,15,Wind
B0952,2238,85,Fair,35.83016508212055,13.31424710555102,178.3853130664271,1,Wind
B0953,3055,1,Fair,25.307925105952705,87.4242190118788,432.92055606907,22,None
B0954,3331,8,Poor,5.447799503407634,53.989134269151855,368.04795418138025,3,Solar
B0955,1034,29,Fair,-3.3677711199523417,87.05272216520532,171.31095410017508,6,Solar
B0956,1689,96,Poor,15.581785894753857,19.180287953106834,206.56873541391667,22,Solar
B0957,877,5,Excellent,-9.732691957281776,49.232681534841056,109.95090717562259,14,Solar
B0958,2780,86,Fair,36.9206871929072,23.56032734928469,410.15559441950757,4,Solar
B0959,3581,47,Fair,10.74075596944736,14.077990161795393,355.0785509012642,18,None
B0960,4501,34,Fair,10.116747761866637,59.40232920498492,263.82721488905065,15,Solar
B0961,2985,65,Fair,9.529680379089108,26.622673676935314,429.4637374258477,9,Wind
B0962,3926,55,Excellent,-6.533583480611762,57.01576146300368,378.5726655751363,18,Solar
B0963,176,90,Good,21.91611198959133,18.98915855591885,52.26233794966515,3,Solar
B0964,3227,43,Poor,26.65018098141767,36.55891771461622,213.03738131253658,10,None
B0965,3106,74,Good,23.806269879414515,72.53060464425977,351.4418795147701,17,Wind
B0966,653,30,Poor,-3.078225333530284,44.96412174737501,125.40721296174941,7,None
B0967,3499,82,Poor,18.942008401779628,60.21963319178691,343.6613304900202,15,Wind
B0968,4196,17,Excellent,18.474224208612693,61.79663525964368,402.21337296727637,1,Solar
B0969,3583,26,Good,33.4205393970691,77.50040351898349,477.8565634042956,27,Wind
B0970,3417,8,Excellent,8.95638291878235,35.9938235525313,465.0834075616973,25,Solar
B0971,3418,47,Fair,8.574297182971712,64.9836450066014,360.1124368133565,27,None
B0972,3847,76,Good,20.92635293590928,86.92926456369325,377.3165933450496,11,Solar
B0973,1842,91,Poor,21.65363267497565,68.41946674862945,330.16391932425864,17,Wind
B0974,2911,72,Fair,13.46426136628952,49.189638137419564,394.57000500271505,5,Solar
B0975,3526,89,Excellent,12.152968116521055,60.45739555935434,253.59401718751954,7,Wind
B0976,3467,46,Fair,14.707383531894134,69.17463182104865,238.2242522441214,19,None
B0977,1695,68,Excellent,33.05226497516559,58.98206125550979,228.07382712266633,25,Wind
B0978,1255,33,Good,13.058345062695501,11.334065079187132,111.81605763948248,24,Wind
B0979,3080,1,Poor,36.99658959849112,25.581879814978066,271.7589873045574,29,None
B0980,2922,19,Good,15.200188179816301,74.83745737723729,436.70303633049457,15,Wind
B0981,3122,31,Good,37.46003465904457,31.812051784998772,222.92475915798573,3,Solar
B0982,1904,80,Fair,31.641595093453788,68.52496956489071,284.64626590205626,15,Solar
B0983,4071,14,Excellent,8.121566130791457,39.7696172193359,328.6555594830215,5,None
B0984,4712,53,Good,33.1820710648308,51.75074625263545,631.9794793259322,23,None
B0985,2758,48,Poor,-4.496835789944239,15.437863985552296,355.099532584729,12,Solar
B0986,3552,69,Good,36.252358767150724,24.498044883976764,229.17793920734755,20,Solar
B0987,1382,90,Excellent,21.582175754144583,86.57575708153877,180.1228374758737,5,None
B0988,251,62,Poor,-7.28046257388444,81.21104427575312,71.21790879533768,3,Solar
B0989,3557,92,Excellent,22.212836182540578,62.18200887192402,527.4543100108492,9,Wind
B0990,4262,66,Fair,38.71238270723781,46.77156779085899,649.3244156845341,26,Solar
B0991,624,64,Good,-6.509967269268554,64.0609034316179,104.8046325673639,9,None
B0992,586,70,Good,17.734385489004314,59.48882312751512,108.40638728549786,7,Solar
B0993,1675,63,Fair,27.389717487968625,55.48418044836897,199.51449273812722,26,Wind
B0994,2172,73,Fair,30.51292933497657,14.734165749083346,322.8463418016722,2,Solar
B0995,435,33,Good,10.691373266039793,60.62420885292055,70.6098324187976,23,Wind
B0996,3331,41,Fair,0.20832795841215024,71.51360356569347,297.2396969846694,23,None
B0997,524,89,Good,-7.882886061380808,89.52653237164604,110.99552962542761,27,Solar
B0998,467,48,Poor,18.986307854861238,10.886284207544774,58.40791702042361,21,Wind
B0999,3650,13,Excellent,12.645553513380541,68.41387626485414,479.1469874501656,16,Wind
B1000,1004,73,Good,37.43721975748555,55.74314527487844,121.8469104740212,9,Solar
