CustomerID,Age,Location,PlanType,AverageCallDuration,DataUsage,NumberOfCalls,MonthlyCharges,PaymentMethod,ChurnStatus
C0001,56,Urban,Basic,26.289401814963224,8.821847355765145,135,69.98705578181465,BankTransfer,No
C0002,69,Rural,Basic,16.28955924435421,24.01007278055554,235,65.10466354908615,CreditCard,No
C0003,46,Urban,Basic,19.34377918900901,3.2335147767799093,230,76.13492236401105,BankTransfer,Yes
C0004,32,Suburban,Basic,19.689638036509976,47.1479809731127,220,121.63137737073441,BankTransfer,No
C0005,60,Rural,Basic,24.7741363445571,4.203649657151166,34,82.94249418124298,CreditCard,Yes
C0006,25,Urban,Basic,10.668812342614205,22.203607404903618,25,123.22187853457515,CreditCard,Yes
C0007,78,Urban,Basic,22.25848450593981,26.729122423882046,191,94.94355740818257,BankTransfer,No
C0008,38,Urban,Basic,16.328765181943716,49.27253969822063,138,64.46902650548219,BankTransfer,No
C0009,56,Urban,Premium,24.008426414855084,8.71808027032161,51,125.29723667885142,BankTransfer,No
C0010,75,Urban,Basic,29.72583495033387,6.164360171311749,245,50.97765717190191,BankTransfer,Yes
C0011,36,Rural,Basic,6.818879504709075,0.9309542795959072,43,49.16978737397341,BankTransfer,No
C0012,40,Rural,Basic,29.84481060523994,8.200786125030465,54,85.58538012712864,CreditCard,Yes
C0013,28,Rural,Premium,3.604552474200446,10.760012463849547,143,53.91040197507156,CreditCard,No
C0014,28,Suburban,Basic,1.067208889239602,31.71375660836307,30,21.18131454365812,CreditCard,No
C0015,41,Rural,Premium,2.2806961491571065,11.37548612437432,131,104.2786785488442,CreditCard,No
C0016,70,Rural,Premium,10.911689737366089,1.5157803291015979,79,86.44219679141175,BankTransfer,No
C0017,53,Rural,Basic,19.35428358967459,41.417608102373194,57,77.91731588411096,CreditCard,Yes
C0018,57,Urban,Basic,3.001856685747639,18.596987199696354,48,145.705906900381,BankTransfer,No
C0019,41,Urban,Premium,1.164308621357451,18.00798598574633,296,94.25589391517877,CreditCard,No
C0020,20,Urban,Premium,28.175639825305048,15.472711943812365,19,132.24610511262,CreditCard,No
C0021,39,Urban,Basic,24.83587244225796,48.780977218747836,39,38.12853070667082,CreditCard,No
C0022,70,Urban,Basic,24.4663119630319,8.920713156809434,253,93.9968402068256,CreditCard,Yes
C0023,19,Urban,Premium,26.648303989557338,44.962784165685136,283,132.83735147501739,BankTransfer,No
C0024,41,Suburban,Basic,21.30099391039103,38.951764940924456,97,95.80374844638673,BankTransfer,No
C0025,61,Rural,Premium,4.027719762694362,4.2857577972159975,253,113.3418431565102,BankTransfer,No
C0026,47,Urban,Basic,12.573905454137968,49.34309052429201,24,68.36566381558696,CreditCard,Yes
C0027,55,Urban,Basic,21.971335107474257,13.932615195181022,13,32.01843721481866,CreditCard,Yes
C0028,19,Urban,Premium,9.129699362954106,5.379854887609411,200,79.52703836651929,CreditCard,No
C0029,77,Urban,Basic,20.934784559950888,41.55105458922509,177,71.28232080905147,CreditCard,No
C0030,38,Urban,Basic,1.710454999761918,35.48043891704614,18,132.71782370926314,BankTransfer,No
C0031,50,Suburban,Basic,9.877982885508203,31.05233089095609,118,51.719389305821394,BankTransfer,Yes
C0032,29,Urban,Basic,16.924779752038006,8.22105275309719,146,145.67544957956403,BankTransfer,No
C0033,75,Suburban,Basic,19.330605055681026,24.185557754670114,163,144.5579555745845,CreditCard,No
C0034,39,Suburban,Basic,17.734179269395415,39.137523330917084,218,52.19211359928703,BankTransfer,No
C0035,78,Urban,Basic,21.234932006129455,15.529384938120092,281,65.24675421205166,CreditCard,No
C0036,61,Rural,Premium,1.176573698955333,15.928646511494552,152,136.42224631360506,BankTransfer,No
C0037,42,Rural,Basic,3.927294799348123,0.6554748493820448,108,145.66088871649396,CreditCard,No
C0038,66,Urban,Basic,26.199383316095208,9.125048381446287,78,77.64708336868573,CreditCard,No
C0039,44,Urban,Basic,20.770710678614677,43.8325784435308,256,61.729615933316715,CreditCard,Yes
C0040,76,Rural,Premium,4.275017637894328,22.3664513360665,270,88.39222172270047,BankTransfer,No
C0041,59,Rural,Premium,25.420158684558796,49.219607712104484,285,109.40999682754553,CreditCard,No
C0042,45,Suburban,Basic,8.02470531691244,20.087544196902734,88,55.55168699874737,CreditCard,No
C0043,77,Suburban,Basic,14.869536641661481,35.901729511621944,155,115.74151270047946,BankTransfer,No
C0044,33,Rural,Basic,5.210698873655148,14.454992623784092,120,26.715456424903333,CreditCard,No
C0045,32,Suburban,Premium,21.59319163622949,18.50857723647621,267,26.40828405937414,CreditCard,No
C0046,79,Rural,Premium,20.338778209413768,9.940936385749286,102,70.21740166892087,CreditCard,No
C0047,79,Rural,Basic,7.122261663817949,17.67958724072005,22,65.95151496789367,CreditCard,No
C0048,64,Rural,Premium,26.038622238853055,27.588257260821834,269,61.0323179977298,BankTransfer,Yes
C0049,79,Urban,Premium,12.637874702371652,49.592757608472844,118,83.83256914695829,BankTransfer,Yes
C0050,68,Rural,Basic,9.482937641051512,33.377984797053394,198,61.69536570050426,CreditCard,No
C0051,61,Rural,Basic,5.417558094471528,10.362674743211546,104,44.993529400851955,BankTransfer,Yes
C0052,72,Urban,Basic,8.718872362950586,2.725591358781781,114,60.23104138151812,CreditCard,No
C0053,69,Suburban,Basic,1.638780715490693,6.754645825068275,17,146.73755546533056,CreditCard,No
C0054,74,Urban,Premium,17.914467281227353,28.346482463015846,76,73.44474420933031,CreditCard,No
C0055,20,Rural,Basic,25.42469164397449,38.37543627642993,200,77.81266099158364,CreditCard,No
C0056,54,Rural,Basic,16.920433033807612,47.05075076138697,265,94.9508486936482,CreditCard,No
C0057,68,Rural,Basic,7.358944895792396,1.2832470138426304,18,147.83429989384945,BankTransfer,Yes
C0058,24,Urban,Basic,1.9764061682023089,26.376627007312553,126,51.40816593664919,BankTransfer,No
C0059,38,Suburban,Basic,7.224214124505282,23.80793413304725,276,108.5666743692164,CreditCard,No
C0060,26,Rural,Basic,13.067521414061677,32.97472358779735,108,113.07801016042413,CreditCard,No
C0061,56,Urban,Basic,23.028731432294098,28.199153296034428,173,98.95217418309856,BankTransfer,No
C0062,35,Urban,Basic,6.447442723595449,34.50843795383279,150,31.51518415276373,BankTransfer,No
C0063,21,Rural,Basic,21.873952147285898,33.075087945084924,277,107.99339585758494,BankTransfer,Yes
C0064,42,Urban,Basic,26.141070582204627,6.292080380468337,46,28.332312434702814,CreditCard,No
C0065,77,Urban,Basic,14.164458595142355,40.08603672412662,83,97.4985444414866,BankTransfer,Yes
C0066,31,Rural,Basic,24.821527757635206,6.60001249795808,82,116.14555303882655,CreditCard,No
C0067,67,Urban,Basic,17.085063093017773,35.07726594785229,208,47.42608578059355,CreditCard,No
C0068,75,Rural,Basic,19.475634275346245,21.099195698210032,139,129.41086098056064,CreditCard,No
C0069,26,Urban,Basic,16.26207534980788,25.935611361541596,255,23.945994719290553,CreditCard,No
C0070,43,Rural,Basic,14.432008785788911,45.21325171159767,69,129.6956722755798,CreditCard,Yes
C0071,70,Urban,Premium,7.804949811499631,44.549244460437585,288,79.84277658355947,CreditCard,No
C0072,19,Rural,Basic,9.792627724370336,40.983887129923964,112,48.28643219111378,CreditCard,Yes
C0073,37,Urban,Basic,9.409133449364662,25.752344832588,160,37.39115884921584,BankTransfer,Yes
C0074,45,Rural,Premium,17.335378997660627,36.94387060162474,166,143.92993178570845,CreditCard,No
C0075,64,Urban,Basic,4.478657097692808,25.888404248181065,215,29.44652638555037,CreditCard,No
C0076,77,Suburban,Basic,27.58695903036772,43.54550108250148,188,45.88214459167034,CreditCard,No
C0077,24,Rural,Premium,21.898999213210285,20.437403745028544,206,65.21690516629597,BankTransfer,No
C0078,61,Suburban,Premium,12.641923296482615,48.526649548536405,232,100.63053036494566,CreditCard,No
C0079,78,Rural,Basic,5.600100191264961,46.64997653232944,98,90.82414108589279,CreditCard,No
C0080,25,Urban,Basic,26.57777292192744,37.20932966286338,296,36.33365401360082,CreditCard,Yes
C0081,64,Suburban,Basic,24.889564612933793,14.331086266715564,285,57.6646378859679,BankTransfer,No
C0082,52,Urban,Basic,21.9299250287982,7.01685264526629,245,51.03773024118313,BankTransfer,No
C0083,31,Urban,Basic,8.874864374926029,42.80782077961327,192,47.76057108374438,CreditCard,No
C0084,34,Urban,Basic,12.670952485576398,8.682463163829084,218,73.44876374239831,CreditCard,No
C0085,53,Rural,Basic,3.9796993211202776,42.785909055368116,139,111.5240888369154,BankTransfer,No
C0086,67,Rural,Basic,6.482146217098419,24.79286783226184,162,48.26888118824067,CreditCard,No
C0087,57,Urban,Premium,23.707482482185252,20.62456079850116,22,67.66825436138758,BankTransfer,No
C0088,21,Suburban,Basic,21.73612284666983,45.20794355230424,131,70.8192654893511,CreditCard,No
C0089,19,Urban,Basic,18.211087126302107,30.390623635743758,229,146.93934882660332,CreditCard,No
C0090,79,Urban,Basic,26.976075051859013,29.04239335292103,115,144.10662639427895,CreditCard,No
C0091,23,Urban,Basic,17.914729016578317,28.158914258907686,79,124.01788575776987,CreditCard,No
C0092,71,Urban,Basic,14.54207199894471,18.872891042966806,204,51.41565970649407,BankTransfer,No
C0093,59,Urban,Basic,10.870751642867118,39.3893336246918,195,28.844850831917057,BankTransfer,No
C0094,21,Rural,Basic,28.273006666349005,13.013522978780763,108,61.197537903681216,CreditCard,No
C0095,71,Rural,Basic,3.398748384206251,46.97530052204311,91,54.683291426398014,BankTransfer,No
C0096,46,Urban,Basic,27.995733789763445,44.75226764982456,84,85.7703540190312,CreditCard,No
C0097,35,Urban,Basic,24.97472513799953,17.20527612090746,201,121.1046283088131,CreditCard,No
C0098,43,Urban,Basic,4.767967811535337,36.60845660666735,223,131.58198205425154,CreditCard,No
C0099,61,Suburban,Basic,17.384546372582353,28.874548125254776,153,129.8323311033661,BankTransfer,No
C0100,51,Urban,Premium,26.129891470723518,17.213640448962114,225,66.75782295899882,BankTransfer,No
C0101,27,Rural,Basic,17.582465744607457,49.43182157577461,24,109.34046464988877,BankTransfer,No
C0102,79,Suburban,Basic,27.308794825258047,1.749248619489078,226,60.66844567814861,BankTransfer,Yes
C0103,53,Rural,Basic,28.346530687665233,13.00597851575369,44,27.917720620573753,BankTransfer,No
C0104,31,Suburban,Basic,13.249151143344871,26.243666025001946,192,111.2034845283825,BankTransfer,No
C0105,48,Urban,Premium,11.942096180783384,26.336673672188912,279,21.27758183407242,BankTransfer,No
C0106,65,Rural,Basic,28.153313465105548,29.652187209805426,109,73.19373636960351,BankTransfer,No
C0107,32,Rural,Premium,20.579061773340374,37.707970515134505,16,62.81930500926985,CreditCard,No
C0108,25,Rural,Basic,4.364657759096909,31.36215261070517,39,110.13908000745081,CreditCard,Yes
C0109,31,Urban,Basic,2.226460727457755,30.21393229613783,153,119.61191145884926,CreditCard,No
C0110,40,Urban,Basic,17.374242478920632,3.148965914195643,120,59.5323026762669,CreditCard,No
C0111,77,Urban,Premium,27.974957997714313,19.138249245570268,241,125.51151187783096,CreditCard,No
C0112,74,Rural,Basic,25.483212369768733,11.986759115207223,188,58.20917886564139,CreditCard,Yes
C0113,79,Suburban,Basic,20.599584647465758,13.635820524297785,81,78.02242679825295,BankTransfer,No
C0114,57,Rural,Premium,5.034359617841538,27.939704979847072,219,114.5124085118374,CreditCard,No
C0115,38,Urban,Basic,8.372710128712171,10.375513089015618,229,110.07962979922252,CreditCard,No
C0116,33,Suburban,Basic,26.38982557002587,15.050480500336427,89,148.357901400586,CreditCard,No
C0117,62,Urban,Basic,6.301409863050114,12.235693071608335,92,49.270933148071144,BankTransfer,No
C0118,35,Urban,Premium,9.074742839262603,47.45089568930064,51,106.1013287601457,CreditCard,No
C0119,64,Urban,Basic,4.758418884667817,47.26095374246921,282,99.25864807585106,CreditCard,No
C0120,70,Rural,Premium,20.60713871101792,30.692107150504558,200,138.96279908370389,BankTransfer,No
C0121,41,Urban,Premium,28.37548685553308,46.26386220222905,182,40.32707841383376,BankTransfer,Yes
C0122,43,Rural,Basic,8.800072916266192,39.39772595068447,16,117.73376126630129,CreditCard,No
C0123,42,Suburban,Basic,14.786791627652137,29.702420198689534,164,93.87492011493988,CreditCard,No
C0124,77,Urban,Basic,19.395852451624926,0.8185429690913877,19,55.706563072427706,CreditCard,No
C0125,77,Rural,Basic,29.98452119825329,38.7395561609305,43,81.67653883913263,BankTransfer,No
C0126,77,Urban,Premium,4.039433884929592,35.273172908629206,45,63.39095761907371,CreditCard,Yes
C0127,62,Urban,Premium,15.458553185665565,30.95505583747949,15,95.31074236249991,CreditCard,Yes
C0128,58,Urban,Basic,12.1684834771725,38.14100342828235,224,135.57007940590657,CreditCard,No
C0129,46,Urban,Basic,26.1087847914483,25.889647156350904,143,94.00964797358625,CreditCard,No
C0130,32,Rural,Basic,14.80306419933802,35.352121930406284,294,102.12391438245592,BankTransfer,No
C0131,62,Urban,Basic,4.218348212969294,46.79101829296142,135,87.43722012491223,CreditCard,No
C0132,18,Rural,Basic,19.398300213310925,19.10234828438127,183,26.651515837911866,CreditCard,No
C0133,42,Rural,Basic,23.352637929652513,35.55203082758096,161,50.271612393892255,CreditCard,Yes
C0134,24,Rural,Basic,1.083556298302823,24.046546991542456,35,83.96022482617076,CreditCard,Yes
C0135,26,Rural,Basic,25.909743877198256,33.88278276479208,124,60.33058688681162,CreditCard,No
C0136,41,Rural,Basic,6.394667000164303,38.263220109941024,293,43.62926770895525,BankTransfer,No
C0137,18,Urban,Basic,17.010011574947956,2.7498987715719,84,85.53726944939699,BankTransfer,No
C0138,61,Urban,Basic,13.058127519936054,32.50672197545877,175,61.96527314822054,BankTransfer,No
C0139,25,Suburban,Premium,21.869960681705383,11.723688628143757,198,53.55399361254391,BankTransfer,No
C0140,41,Rural,Basic,11.763686828786513,33.666610621474554,87,80.31810426724951,BankTransfer,No
C0141,28,Urban,Premium,26.223132123769613,23.68234420372377,99,37.32695355068251,CreditCard,No
C0142,68,Urban,Premium,22.184394467804918,38.79086072231192,185,140.60694529980293,BankTransfer,No
C0143,34,Urban,Basic,19.783681960824723,6.608340352677023,30,132.80127272950108,BankTransfer,Yes
C0144,25,Suburban,Premium,24.090977271322775,31.502956406981657,63,111.99067614626959,BankTransfer,Yes
C0145,52,Urban,Basic,22.866668012923085,14.28430108191384,193,33.807797586499305,CreditCard,No
C0146,52,Urban,Basic,2.0422215727250466,42.722608768864276,231,120.86404308106009,CreditCard,No
C0147,50,Urban,Basic,12.447296261500016,46.45498352899722,188,125.03445265417247,BankTransfer,No
C0148,76,Urban,Basic,27.993411622178204,49.82171553711324,285,119.80940030286389,BankTransfer,No
C0149,22,Suburban,Basic,4.64600380077456,39.90236642015052,121,34.81556532550135,BankTransfer,No
C0150,59,Urban,Basic,22.375799962529484,37.80983648618623,233,103.70803441880942,CreditCard,Yes
C0151,56,Suburban,Basic,29.26316252872456,11.167287563943777,223,128.46222344742182,CreditCard,No
C0152,75,Urban,Basic,2.513760242304177,17.13234942001038,68,95.0559421585568,CreditCard,No
C0153,58,Suburban,Basic,20.783622538171702,23.551285817232838,118,104.03295877965157,BankTransfer,No
C0154,45,Urban,Premium,14.576470097729882,38.78236186522136,166,79.5872523254198,CreditCard,No
C0155,24,Urban,Basic,17.796082405866944,45.790810321359444,200,88.73195158492685,CreditCard,No
C0156,26,Rural,Basic,3.4748987580454207,9.862385451137738,209,24.46899158572428,BankTransfer,No
C0157,25,Suburban,Premium,2.247201604141245,46.15719049117009,205,103.06519285652699,CreditCard,No
C0158,29,Suburban,Basic,20.33913315597673,34.93342029152587,44,30.588137675850696,BankTransfer,No
C0159,51,Rural,Basic,24.87597346480082,30.733151168909412,255,76.55189726422904,CreditCard,No
C0160,50,Suburban,Basic,23.678444713056052,10.392142928456005,246,58.045162696763015,BankTransfer,No
C0161,65,Urban,Basic,16.770366108120882,3.2484891240529525,113,90.9056335275227,CreditCard,Yes
C0162,72,Suburban,Premium,3.896137812949167,28.639012476143026,16,37.34412361801692,BankTransfer,Yes
C0163,40,Urban,Basic,20.9532888712444,32.75002632478017,292,109.91364225653136,BankTransfer,No
C0164,79,Rural,Premium,8.014777623070232,10.933681743057068,10,123.35149980070115,CreditCard,No
C0165,41,Suburban,Basic,27.420992380254123,28.044582188360092,228,41.236078466610344,CreditCard,No
C0166,54,Rural,Basic,25.309695426825442,42.89642343674739,239,33.56070135574468,CreditCard,No
C0167,52,Rural,Basic,21.572106045534337,41.83576430002349,181,38.91701276235669,BankTransfer,No
C0168,61,Urban,Basic,28.51653271910278,46.40408143902171,96,134.02658304680523,BankTransfer,No
C0169,57,Suburban,Basic,1.911232823826915,18.611347573065583,50,88.6646040283263,CreditCard,No
C0170,39,Urban,Premium,22.3498123267621,16.243453841270476,132,80.74392948097534,BankTransfer,No
C0171,44,Suburban,Premium,10.577040600755755,37.59658729605003,187,33.87253648330606,CreditCard,Yes
C0172,52,Rural,Basic,27.27591068490459,21.84006405230175,72,104.44228087840503,BankTransfer,Yes
C0173,18,Urban,Premium,8.733580703197351,4.8336588693751406,174,132.8399469463617,BankTransfer,No
C0174,52,Rural,Premium,22.020838480135495,14.498655968189736,196,127.66416301204889,CreditCard,No
C0175,54,Rural,Basic,26.45176356987266,21.219823133808713,218,101.38711216750417,CreditCard,Yes
C0176,64,Rural,Basic,2.20804773309779,14.979563061074474,236,29.786233164717572,CreditCard,Yes
C0177,31,Rural,Basic,12.531779808169047,16.94417576189242,57,34.611613532881684,CreditCard,No
C0178,20,Urban,Basic,23.10696192863622,15.041907355632343,233,26.41016832427721,CreditCard,No
C0179,18,Rural,Basic,14.192647795720026,2.5542087755624325,12,53.47229814402101,CreditCard,No
C0180,22,Suburban,Basic,8.750326264014264,32.0361876908099,184,37.63599073084911,CreditCard,No
C0181,43,Urban,Premium,7.374355115872511,30.06597480749673,108,53.80624523281641,CreditCard,No
C0182,72,Rural,Basic,4.814029740574959,32.84248317469469,125,70.05754724346502,CreditCard,No
C0183,31,Urban,Basic,25.856757235832184,10.01933985366456,279,142.58776192924762,CreditCard,No
C0184,56,Urban,Premium,17.685306694295125,15.134899809818021,262,99.34888777161997,CreditCard,No
C0185,44,Rural,Premium,3.2151634047522233,31.170988383773654,104,128.54659213878512,BankTransfer,No
C0186,26,Rural,Basic,12.094829383548428,30.18156463876611,282,112.3456950926032,BankTransfer,No
C0187,32,Urban,Premium,11.664275873348187,25.563350313036256,33,34.62540696846213,CreditCard,Yes
C0188,32,Rural,Basic,6.270436530574426,17.845455875504772,125,115.66965282861335,CreditCard,No
C0189,43,Urban,Basic,13.62972113869353,45.69008473634715,160,55.762854602686176,BankTransfer,No
C0190,59,Urban,Basic,10.630881596400958,17.31862699379277,59,103.08402010931182,BankTransfer,No
C0191,77,Urban,Basic,10.912307459273293,23.053148243643953,215,64.32505657358851,CreditCard,No
C0192,30,Urban,Basic,22.4317701758508,34.06663463223333,88,149.69739422440568,CreditCard,No
C0193,68,Urban,Basic,7.474638179650693,27.379560827904825,79,54.26169233458111,CreditCard,Yes
C0194,49,Rural,Basic,19.613938806805308,17.670855830037084,36,56.28696120065506,CreditCard,No
C0195,56,Rural,Basic,17.548839092547112,22.06441712759724,280,140.98739322311178,CreditCard,No
C0196,66,Urban,Basic,17.47468285779815,39.82680048374855,59,23.203772602721948,CreditCard,No
C0197,69,Suburban,Premium,20.2272130381115,14.267393196587316,256,110.56956842351559,BankTransfer,No
C0198,78,Rural,Basic,16.903079049673963,7.541634368952363,273,114.29243079566416,CreditCard,Yes
C0199,49,Urban,Basic,26.498398330545154,16.001578490573966,88,128.72921506335192,CreditCard,No
C0200,21,Suburban,Basic,20.591822666557533,42.55194366665111,199,146.67711038300178,CreditCard,Yes
C0201,47,Suburban,Basic,16.861934289770254,4.90499088538916,56,146.8282494903648,CreditCard,No
C0202,54,Urban,Basic,25.063130488341702,49.588955631936365,198,28.485978483640306,CreditCard,No
C0203,40,Urban,Premium,18.578250383070912,27.279643496919295,265,126.83911195787732,CreditCard,Yes
C0204,56,Suburban,Basic,9.443183185770192,49.24986432637115,231,104.02029137545958,BankTransfer,No
C0205,62,Rural,Basic,7.0057526271205655,46.98032289325589,250,104.15447746850185,CreditCard,Yes
C0206,32,Urban,Basic,5.417505784217685,22.91427885344038,278,36.685490459910326,BankTransfer,Yes
C0207,60,Rural,Basic,27.084201163836948,10.32530819296478,10,104.52433163793494,BankTransfer,No
C0208,46,Suburban,Basic,21.593927522143908,8.661796439974353,43,147.72273547816224,CreditCard,No
C0209,53,Rural,Basic,28.1839747067653,12.379473511562896,88,138.5364140401281,CreditCard,No
C0210,30,Rural,Basic,18.495462365733346,35.6515657079446,245,77.08698590463057,CreditCard,No
C0211,49,Suburban,Basic,14.728625563352464,14.011024739208649,107,25.193236527192262,BankTransfer,No
C0212,24,Urban,Basic,2.7317781801557905,17.400550845412766,91,67.09815370002663,BankTransfer,No
C0213,76,Urban,Basic,20.477626164834863,22.71455079773343,201,127.43074050807218,BankTransfer,Yes
C0214,68,Rural,Premium,17.884054033278705,45.70501768086209,262,111.19488319047159,CreditCard,Yes
C0215,39,Suburban,Premium,29.71605791404102,9.874974185299882,47,79.71467522721433,BankTransfer,No
C0216,45,Urban,Premium,7.935604555685048,0.7488143541852541,23,27.163199570648043,CreditCard,No
C0217,19,Rural,Basic,16.39138330331824,3.4747723137194226,218,75.49631461702934,CreditCard,No
C0218,59,Rural,Basic,19.877762718424105,45.285933913165834,98,80.97324216332485,CreditCard,No
C0219,62,Urban,Basic,19.693144067527964,32.55206500974647,65,140.71221927623768,CreditCard,No
C0220,79,Rural,Basic,17.277512745503678,14.015510656726434,103,103.34119346568073,BankTransfer,Yes
C0221,74,Suburban,Basic,23.53091229948954,9.27102880005396,102,60.514879165104354,CreditCard,Yes
C0222,70,Rural,Basic,6.944455076277676,15.06620346353716,94,88.29137437859379,CreditCard,No
C0223,23,Rural,Basic,22.04318880795806,6.182447898938365,254,28.58719001688081,CreditCard,No
C0224,45,Urban,Premium,18.972302571559588,47.10587905907983,31,146.4338706344658,BankTransfer,No
C0225,45,Rural,Basic,26.986178242042627,39.31820563108071,281,66.80778725099438,BankTransfer,Yes
C0226,61,Urban,Basic,25.56863873197387,23.388363257170766,131,82.12275613870766,CreditCard,No
C0227,61,Urban,Basic,10.139264134844044,43.3156489532025,137,66.18691665079993,CreditCard,No
C0228,37,Rural,Premium,9.010882424279439,12.848181112514999,122,108.72652491510601,CreditCard,Yes
C0229,47,Urban,Basic,29.46794639172099,35.99746813937358,282,106.0901805828471,BankTransfer,No
C0230,79,Urban,Basic,16.29069024654244,42.8785587011803,139,112.99190036878764,CreditCard,No
C0231,28,Rural,Basic,27.28620795351867,18.160051225351996,141,54.85861984954971,CreditCard,No
C0232,75,Urban,Basic,5.752549689633984,37.99449004981052,94,61.03690255132858,CreditCard,Yes
C0233,72,Urban,Basic,19.641748529205053,15.106081288583313,90,36.28266004250703,CreditCard,No
C0234,45,Rural,Premium,24.485945433456997,15.293428195322024,78,105.21629633999464,BankTransfer,No
C0235,42,Rural,Basic,28.474462238006957,5.79933033843221,157,25.173626553634833,CreditCard,No
C0236,56,Urban,Basic,10.78286408949368,22.282873302215236,25,97.69870361804968,CreditCard,No
C0237,79,Suburban,Basic,22.024453927797524,36.6207393716224,114,133.0604650307124,CreditCard,Yes
C0238,50,Urban,Basic,16.62557726214895,47.0409298757786,174,135.80817927765236,CreditCard,No
C0239,18,Rural,Basic,2.7582388559275777,30.387951100490255,210,78.37490884809502,BankTransfer,No
C0240,74,Rural,Basic,21.009992381959357,43.225209117919086,206,79.7094794676996,CreditCard,No
C0241,44,Suburban,Basic,21.012800188897458,41.21348513986624,194,30.005993791042258,BankTransfer,No
C0242,79,Rural,Basic,27.987597340549573,9.080481122276403,274,107.19945330759465,BankTransfer,Yes
C0243,74,Rural,Basic,15.4220609389002,24.547962731175257,109,126.76372464846992,CreditCard,No
C0244,69,Rural,Basic,7.677276700604925,6.287715008506878,223,51.805157098612696,CreditCard,No
C0245,30,Urban,Basic,2.2923508800116954,34.26658149730093,287,74.7691146123374,CreditCard,No
C0246,58,Urban,Premium,13.053623413891264,47.52003357818076,171,129.04911377948514,BankTransfer,No
C0247,20,Rural,Basic,9.755584302247552,7.285928174898447,166,134.02566079609744,CreditCard,No
C0248,56,Urban,Basic,23.07156087469239,36.82721497472579,260,51.61339743434937,CreditCard,No
C0249,23,Rural,Premium,11.273765180390352,31.795788467959117,106,91.57418249037735,CreditCard,No
C0250,25,Urban,Basic,28.523064693130475,29.388449331900937,27,45.024109582657516,BankTransfer,No
C0251,44,Rural,Premium,28.906995886645742,19.810951617072792,106,33.24423933814235,CreditCard,No
C0252,26,Urban,Basic,19.006349116313533,18.07901656381372,10,138.44566518095448,CreditCard,No
C0253,79,Urban,Premium,27.931148323431604,2.739834856434949,225,126.6659755501742,CreditCard,Yes
C0254,54,Rural,Basic,23.064775990920374,11.286481058474667,141,118.8045372344126,CreditCard,No
C0255,50,Rural,Basic,16.85892958827866,1.2512556731979314,269,26.339621445708254,BankTransfer,No
C0256,68,Rural,Basic,6.228930127260566,29.280146726310015,134,129.6847430523335,CreditCard,No
C0257,59,Urban,Premium,14.29934036190136,5.739735175956488,91,76.9457298676999,BankTransfer,No
C0258,61,Urban,Premium,17.26535943751591,43.71446000447094,292,64.51136602846175,BankTransfer,No
C0259,41,Rural,Basic,26.054885841315294,26.395579524509678,180,91.04192693329894,CreditCard,No
C0260,32,Urban,Basic,14.958667919534282,35.13465049840607,68,31.87592155406226,BankTransfer,No
C0261,76,Rural,Premium,27.032565507660742,20.837426046104575,41,118.36405141581184,CreditCard,No
C0262,71,Rural,Basic,20.556120391680597,28.24870054555191,170,95.71655999547846,CreditCard,No
C0263,49,Rural,Premium,4.97297282855647,47.16162925984821,293,44.25671259351178,BankTransfer,No
C0264,49,Rural,Premium,29.854459710427697,4.5953349613717025,115,44.47018596997593,CreditCard,No
C0265,41,Suburban,Basic,16.289747161863467,13.06991971022296,114,43.95232470444765,BankTransfer,No
C0266,58,Suburban,Basic,12.363890595863287,39.109422182071945,237,27.41031038175142,CreditCard,Yes
C0267,69,Urban,Basic,20.11429916961627,5.38749174069196,197,96.41379841831902,BankTransfer,No
C0268,66,Urban,Basic,4.157906105450133,4.245224643253487,79,129.24526308650604,CreditCard,No
C0269,79,Urban,Premium,19.459620755847276,18.396299238324907,299,22.274767818360516,CreditCard,Yes
C0270,66,Urban,Basic,15.448844014478915,5.0623139443854,96,26.37060384626556,CreditCard,Yes
C0271,75,Rural,Premium,12.793548029958911,29.46138288920705,65,94.46013596930295,BankTransfer,No
C0272,69,Suburban,Basic,28.637580614188074,11.700624915421692,122,126.5344391001868,BankTransfer,No
C0273,29,Urban,Premium,16.153651785229542,44.83704917836893,22,62.47605577392237,CreditCard,No
C0274,79,Urban,Basic,7.354406904628214,39.283254001840206,27,65.44987184500388,BankTransfer,No
C0275,56,Urban,Basic,14.30994090194166,35.13540770192407,191,97.52504467458087,CreditCard,Yes
C0276,19,Rural,Basic,27.66223473260751,31.038729355532844,122,55.64767558613911,CreditCard,No
C0277,20,Rural,Premium,6.106768668587245,43.241553651902436,238,23.45908759009894,BankTransfer,No
C0278,66,Urban,Basic,7.20475412195887,11.541572046366465,180,115.57970735320748,BankTransfer,No
C0279,54,Suburban,Premium,1.3778574649554287,43.718887716829265,198,101.33448868238891,BankTransfer,No
C0280,66,Rural,Basic,1.4115114324772482,39.57986877199059,88,95.49827987723569,BankTransfer,No
C0281,73,Urban,Basic,25.052357181796864,37.53396090619044,155,116.418936768937,CreditCard,Yes
C0282,34,Rural,Basic,22.23155559844572,28.28215606470874,191,107.78000888306488,BankTransfer,Yes
C0283,76,Rural,Basic,11.29619063710679,12.689085968044704,295,46.764658463181746,CreditCard,Yes
C0284,66,Urban,Basic,21.25102355959961,21.465621841598868,259,65.82253610263564,CreditCard,No
C0285,19,Urban,Premium,12.460971862989135,39.78174739967068,205,36.394318418221246,CreditCard,No
C0286,19,Urban,Premium,28.634007083936996,2.07303497568756,80,36.88141174432454,CreditCard,No
C0287,45,Urban,Premium,29.04452776135501,39.21151307855603,257,107.9054470263501,CreditCard,No
C0288,71,Suburban,Premium,12.391019498470959,12.383501654134541,155,131.6180139077248,CreditCard,No
C0289,40,Suburban,Basic,25.772435283885173,7.64330543571935,115,145.15523590194806,CreditCard,No
C0290,54,Urban,Basic,23.41958220922652,6.2272152499249565,272,101.68512528142777,CreditCard,No
C0291,49,Urban,Basic,9.98999817798189,1.848875591565348,79,43.933172036924404,CreditCard,Yes
C0292,50,Urban,Premium,7.729155038132073,26.41753101846192,202,33.73454490836099,CreditCard,No
C0293,18,Urban,Basic,14.288804861392181,11.30386369833961,77,125.67062629977852,CreditCard,No
C0294,36,Suburban,Basic,23.65911637781778,49.476872406091765,61,95.2383419267999,BankTransfer,No
C0295,79,Urban,Basic,28.84486575713362,28.934619415674184,294,100.37705273178358,BankTransfer,No
C0296,19,Urban,Basic,23.143792997130603,7.3253208331225155,18,121.5900715381122,BankTransfer,No
C0297,70,Urban,Premium,25.80100256553273,34.593745770162585,260,111.4260396052187,CreditCard,No
C0298,61,Rural,Premium,18.48886487894498,44.9383065422314,193,128.47957287129256,BankTransfer,No
C0299,43,Urban,Basic,25.22682709442165,37.38638502079591,188,27.3078077097842,CreditCard,No
C0300,49,Rural,Premium,23.748204882099113,4.2837731214526595,207,117.17768277704563,CreditCard,No
C0301,23,Urban,Basic,11.932580715862123,44.84626696903665,137,130.6108584518724,CreditCard,No
C0302,49,Rural,Basic,17.00771876150091,39.79950460006825,29,57.19755551958087,BankTransfer,No
C0303,72,Rural,Basic,24.33784053770115,8.336043055227911,74,103.25814561912287,CreditCard,No
C0304,21,Urban,Basic,2.335645291508735,3.063401492274435,191,60.84106829880637,CreditCard,No
C0305,72,Urban,Basic,24.434299188319066,28.08687347805827,250,144.536238642719,CreditCard,No
C0306,28,Suburban,Premium,6.158755597421679,8.223772661328857,33,24.34506441661549,BankTransfer,No
C0307,73,Suburban,Basic,15.92582489652173,41.81225215346597,92,95.37306969828416,BankTransfer,No
C0308,76,Urban,Premium,24.439987747122192,18.23756550524785,194,41.64546111643696,CreditCard,No
C0309,34,Urban,Basic,8.36081126654415,45.68817601446048,108,112.58862667303063,CreditCard,Yes
C0310,55,Suburban,Basic,8.128415739878438,28.501564520979784,71,42.86573684442607,CreditCard,Yes
C0311,41,Rural,Basic,12.680167555405305,9.542283019863573,295,50.59982404678648,BankTransfer,No
C0312,22,Urban,Basic,26.944641129751403,7.4101439343101045,31,84.26820543594854,CreditCard,No
C0313,69,Suburban,Basic,1.0128406616790286,29.03538565910882,221,138.92854349959416,BankTransfer,No
C0314,51,Urban,Premium,27.140109802616113,38.213238787190974,135,47.52286837923621,CreditCard,No
C0315,23,Rural,Basic,5.460403714606626,39.184529563238016,51,38.75120274535345,BankTransfer,Yes
C0316,39,Urban,Basic,29.71250490595698,14.149991519843423,107,118.66698814102398,CreditCard,No
C0317,28,Urban,Basic,28.690562798115575,10.61021456615229,40,85.08053920341102,CreditCard,No
C0318,65,Urban,Basic,15.345580498147216,1.3294370723729294,167,138.53206460963028,CreditCard,No
C0319,33,Rural,Basic,15.868887186566216,34.12035798445788,121,39.0598924307795,CreditCard,No
C0320,50,Urban,Basic,14.964930867999774,4.290128792460179,256,103.97062609299512,CreditCard,No
C0321,26,Urban,Basic,19.427865724126157,21.327679487413327,131,50.27428899973596,BankTransfer,Yes
C0322,77,Urban,Basic,3.630929364813,30.283267118905655,282,40.378855724713105,CreditCard,No
C0323,76,Rural,Basic,1.9459205019054286,46.88689277352401,216,108.84582397044517,BankTransfer,No
C0324,23,Suburban,Basic,2.6733849240610668,15.934205779310547,119,97.17900058813532,BankTransfer,No
C0325,33,Urban,Basic,13.886595128003917,12.86372204110273,287,118.12756958710305,CreditCard,No
C0326,46,Rural,Basic,8.990890237365019,32.880927637161875,65,60.23013493800371,BankTransfer,No
C0327,20,Suburban,Premium,19.03914730875882,31.152332086652294,66,78.23631532968469,BankTransfer,No
C0328,37,Rural,Basic,29.78082639186859,16.939434273752166,123,72.71131792295441,CreditCard,No
C0329,77,Urban,Basic,12.203372019217511,46.441040857734436,207,147.93163031564683,BankTransfer,No
C0330,76,Urban,Basic,17.641396369030886,42.32068521073682,188,57.99236437612043,CreditCard,No
C0331,53,Urban,Premium,13.052512981312729,11.587136020321516,228,58.32624098507969,CreditCard,No
C0332,36,Urban,Basic,25.57087836393392,12.337555999008897,286,66.09126714771895,BankTransfer,No
C0333,43,Urban,Basic,27.164855700404907,25.85886717091049,25,93.3972305677418,CreditCard,No
C0334,20,Rural,Premium,26.44331275395254,38.791819035670656,70,52.80195675428688,CreditCard,No
C0335,36,Urban,Basic,29.25679492169847,2.6799987797289875,63,138.9876922493056,CreditCard,Yes
C0336,37,Urban,Basic,1.7980563690720435,34.82009010986798,177,54.539123432614254,BankTransfer,Yes
C0337,49,Rural,Basic,25.354668702220398,32.5876769204138,35,136.45604510282533,BankTransfer,No
C0338,24,Urban,Basic,22.801393018133705,11.958264747692917,74,33.451758274056004,CreditCard,No
C0339,69,Suburban,Premium,7.632137872610579,34.22697415544676,109,105.3531513119548,BankTransfer,No
C0340,58,Rural,Premium,28.7332827082383,47.03906796697809,83,137.90811739697168,BankTransfer,No
C0341,50,Urban,Basic,5.297159918668418,2.815899326102542,201,41.93742699176984,CreditCard,Yes
C0342,57,Rural,Basic,20.70694788688334,16.322776736957096,180,145.88250481290316,CreditCard,No
C0343,56,Rural,Basic,7.521816287661462,22.189747474984586,282,78.87483685401652,BankTransfer,No
C0344,35,Rural,Basic,13.510038814448166,45.013387766772134,196,142.94296409733317,BankTransfer,No
C0345,57,Urban,Premium,21.8556370113925,48.13194160715326,32,107.9866056719061,BankTransfer,Yes
C0346,18,Urban,Basic,17.336414618958354,22.48370470156845,190,59.206293083561704,CreditCard,No
C0347,28,Rural,Basic,13.39755310851524,37.626406401038466,117,44.47932823922383,CreditCard,No
C0348,45,Urban,Premium,10.463814497027629,26.817220676341908,171,59.48555600926292,CreditCard,No
C0349,74,Urban,Basic,25.350130015554917,27.120255269698138,215,32.09226320414775,CreditCard,No
C0350,42,Urban,Basic,5.170616159129597,14.265925995784643,87,38.70283562463287,CreditCard,No
C0351,67,Rural,Basic,13.472983419364201,11.239334170262037,25,33.60585724504255,BankTransfer,No
C0352,40,Urban,Premium,27.208969581479124,14.756264623240037,105,74.98266068640251,CreditCard,No
C0353,48,Suburban,Basic,25.529636963339062,28.038236359225426,156,123.42518891348624,BankTransfer,Yes
C0354,47,Rural,Basic,12.627311111718354,1.9431817080934053,11,38.379862048124224,CreditCard,No
C0355,59,Suburban,Basic,23.13014254443794,45.408822745642084,19,36.941656312403666,CreditCard,No
C0356,52,Suburban,Basic,24.87166409055692,8.236043622713922,134,103.645763437253,CreditCard,Yes
C0357,24,Suburban,Premium,26.777735296105263,11.394389505133635,90,45.633787655848614,CreditCard,Yes
C0358,77,Suburban,Premium,16.79066730242761,26.154670734158493,149,32.68930495416891,CreditCard,No
C0359,33,Urban,Basic,6.929365695586642,35.65068093369533,159,41.69031516672509,BankTransfer,No
C0360,43,Rural,Basic,8.403963218614017,5.238588209847666,297,140.08508146398088,BankTransfer,No
C0361,65,Urban,Basic,9.575145547206523,16.22588752858453,138,126.79126286090481,CreditCard,No
C0362,74,Urban,Basic,18.22027194347885,48.44939297593068,248,66.02839310616224,CreditCard,Yes
C0363,69,Rural,Basic,1.9514790997296447,13.485976855656812,67,105.25669975256106,BankTransfer,Yes
C0364,77,Rural,Premium,19.44523159461908,15.99598218062577,207,89.84583757684496,CreditCard,No
C0365,66,Urban,Basic,11.566272914418729,41.906675285592655,220,108.0261542527333,CreditCard,Yes
C0366,19,Rural,Basic,9.562012272199622,2.985614368677535,54,108.74724982015871,CreditCard,No
C0367,18,Suburban,Basic,26.505400551115663,23.498351856044057,106,101.73542195779908,BankTransfer,No
C0368,65,Rural,Premium,14.340069471843169,19.291029840357677,288,54.59317790985012,CreditCard,No
C0369,79,Rural,Premium,3.7565383204480907,16.17104461547823,32,25.070834699166355,CreditCard,No
C0370,29,Suburban,Premium,24.975656272761164,14.642129905215844,53,79.22368165871414,BankTransfer,Yes
C0371,22,Suburban,Basic,2.381596465658691,5.023018190590255,36,135.82660500979148,CreditCard,No
C0372,54,Rural,Basic,22.075727500877704,16.08387855290662,291,94.03464360741486,CreditCard,Yes
C0373,49,Suburban,Premium,23.44328043134929,2.631093934425594,106,128.21083542124802,CreditCard,No
C0374,76,Suburban,Basic,11.225475571936887,39.157711250399544,45,148.91116458495966,BankTransfer,No
C0375,72,Suburban,Basic,24.918847832055814,20.212275800921578,118,41.27010653797591,CreditCard,No
C0376,26,Urban,Premium,15.954122769837149,22.473239699835624,64,109.9310930884577,BankTransfer,No
C0377,58,Urban,Premium,14.435515944911108,44.732932029281514,201,107.6581645810032,BankTransfer,Yes
C0378,52,Urban,Basic,2.316695162592084,33.073721701130424,228,147.3942081565762,CreditCard,No
C0379,36,Urban,Basic,9.41084661581827,0.8989256154349295,194,148.12809541386403,BankTransfer,No
C0380,65,Rural,Basic,27.999289155673694,47.1871537365836,78,109.26821952413682,CreditCard,No
C0381,33,Rural,Basic,12.3628949352215,12.238651065896706,139,51.66992295768526,CreditCard,Yes
C0382,20,Suburban,Basic,16.85431509614628,5.826902145613013,64,123.81225895697787,CreditCard,No
C0383,37,Urban,Premium,16.428628690543302,38.52234482985367,106,33.913787447434956,CreditCard,Yes
C0384,41,Suburban,Premium,18.122501604858105,25.27362713540255,96,121.49090954231173,CreditCard,No
C0385,71,Rural,Premium,2.778597713655196,21.971643017891868,128,138.32549613881054,CreditCard,No
C0386,73,Rural,Basic,11.50311138916312,12.850402444295717,217,69.76834131989659,CreditCard,No
C0387,50,Suburban,Premium,21.970719942594073,27.599838748184773,163,101.98258834780046,BankTransfer,No
C0388,41,Rural,Premium,6.816247281116505,14.08203795752808,44,75.91855517258742,CreditCard,No
C0389,69,Urban,Basic,6.903772948844453,45.12835876170985,88,76.9094571484567,BankTransfer,No
C0390,28,Suburban,Premium,1.2926275939817171,11.152621746793043,76,60.34821558405561,CreditCard,Yes
C0391,66,Urban,Premium,13.686975871638083,44.2755799475598,43,119.0768506585422,CreditCard,No
C0392,25,Urban,Basic,26.59929703952924,28.19056857350417,106,141.70295334164567,CreditCard,Yes
C0393,53,Suburban,Basic,2.5051273640319613,41.51016262781443,178,142.29761170047993,CreditCard,No
C0394,55,Urban,Basic,6.542442575384076,35.785876795117275,178,42.721567033741394,CreditCard,No
C0395,57,Rural,Basic,9.992451611939897,34.98640801611906,160,133.7166744553536,BankTransfer,No
C0396,37,Urban,Basic,22.220017360362174,16.55511748090526,80,115.86608738552587,BankTransfer,No
C0397,79,Suburban,Premium,19.57843219127501,12.077898107874072,12,52.868862089737604,BankTransfer,No
C0398,52,Urban,Basic,13.062373232873796,10.938868270199013,41,28.746999679796893,CreditCard,No
C0399,65,Suburban,Basic,23.012999238492895,42.93098702444964,296,54.83964469496914,BankTransfer,Yes
C0400,79,Rural,Basic,18.679299338050157,41.11112760282149,91,138.58707078159833,CreditCard,No
C0401,42,Urban,Basic,26.985183190059352,22.308389636609213,52,102.3132277364504,CreditCard,No
C0402,52,Rural,Basic,24.722775725022096,7.054028368074503,114,113.73710591672334,BankTransfer,No
C0403,42,Suburban,Basic,8.331594576586816,19.42148647288419,10,53.42980564418246,BankTransfer,No
C0404,46,Urban,Basic,8.871718751391807,31.157500979777115,70,113.52046022472663,CreditCard,No
C0405,35,Urban,Basic,4.635337797979183,22.992956146757667,279,23.655795816130087,CreditCard,No
C0406,63,Urban,Basic,10.771977045806238,39.11936878990825,189,68.7917749504918,CreditCard,Yes
C0407,35,Rural,Basic,29.986773642853734,49.88232970144358,233,101.47793531050306,BankTransfer,No
C0408,19,Rural,Premium,12.76678388983677,9.961038378220394,15,38.99255352037163,CreditCard,No
C0409,71,Rural,Basic,7.394164605984085,23.252715573148837,112,126.99046467810152,BankTransfer,No
C0410,52,Urban,Premium,23.11200364979104,21.83370314508069,19,50.55406884554942,CreditCard,No
C0411,33,Urban,Basic,16.731659100417026,15.572380371073066,80,104.796544666398,CreditCard,No
C0412,78,Rural,Basic,5.338442036281624,10.305728077654335,99,72.67562853479285,CreditCard,Yes
C0413,58,Urban,Premium,12.040000753665108,3.7517597662381315,235,97.48566741209413,CreditCard,No
C0414,53,Urban,Basic,13.019621750640956,44.412406202573074,167,33.968571841758056,CreditCard,Yes
C0415,50,Suburban,Basic,22.86106131650734,21.28251053547272,237,22.198663989808953,BankTransfer,No
C0416,21,Rural,Basic,1.5994696978652294,25.096328165752418,135,138.24337555943916,BankTransfer,No
C0417,50,Rural,Basic,8.801569757151004,45.88863138594533,218,55.051901139733765,BankTransfer,No
C0418,31,Suburban,Basic,16.010292738150138,38.92637863703942,106,126.55801036145968,BankTransfer,No
C0419,38,Rural,Basic,8.796555531132457,6.959812573800619,83,149.91553906138603,BankTransfer,Yes
C0420,65,Suburban,Basic,19.224587375150968,28.488288396583247,124,47.48606353985845,CreditCard,No
C0421,37,Urban,Basic,14.974156898963882,22.391487687718175,200,54.472196353836225,BankTransfer,No
C0422,73,Urban,Basic,11.48959739092784,39.96194809264876,179,106.17177239250654,CreditCard,No
C0423,25,Urban,Premium,28.527050179244853,36.34951110679149,213,145.50832249808076,CreditCard,No
C0424,24,Urban,Premium,19.332625476407266,34.67508323459806,65,139.0558652647967,CreditCard,No
C0425,20,Rural,Basic,4.768299795770296,17.356969356254897,217,85.37381760852604,CreditCard,No
C0426,34,Urban,Premium,17.242659225858468,40.3457046547631,50,123.3643367284742,CreditCard,Yes
C0427,50,Urban,Basic,23.641223742826128,3.0933691319456305,41,37.64696090298714,BankTransfer,No
C0428,65,Urban,Basic,21.54620122729112,8.401432620892278,24,147.06696394652158,CreditCard,Yes
C0429,29,Urban,Basic,5.9905876495625225,17.11335201240663,71,145.36592042467825,CreditCard,No
C0430,76,Rural,Premium,29.200179972162996,4.301968332929423,164,41.28476452429223,CreditCard,No
C0431,68,Urban,Basic,14.015595726651574,12.132216737967234,293,58.92500622440386,CreditCard,Yes
C0432,39,Rural,Basic,5.611725108467578,41.59247365839695,218,33.0201496758797,CreditCard,Yes
C0433,72,Urban,Basic,6.22567686971629,47.438451120608924,196,55.32328785676336,CreditCard,No
C0434,39,Rural,Premium,3.8488147734833342,15.57781661082243,139,126.07425262397686,CreditCard,No
C0435,63,Suburban,Premium,24.302025144613097,13.593532297447492,136,69.18102893148372,CreditCard,Yes
C0436,47,Urban,Premium,4.538884335333611,14.354686286198131,123,31.49160572907859,BankTransfer,Yes
C0437,55,Rural,Basic,4.628632457110661,14.24709482386677,208,64.48931822125759,BankTransfer,No
C0438,55,Urban,Basic,25.663676828064293,2.278544018205663,22,147.57983345136643,CreditCard,No
C0439,62,Urban,Basic,10.993518448979229,46.38235914338985,280,101.85886738369638,CreditCard,No
C0440,68,Suburban,Basic,1.894879224934101,11.078058007731256,98,74.10092303280051,CreditCard,Yes
C0441,71,Urban,Basic,2.5049636860339155,21.290201667029546,224,41.650006754645105,BankTransfer,No
C0442,25,Urban,Basic,5.122942954412971,0.9795006956779031,287,148.2029836468803,CreditCard,Yes
C0443,44,Rural,Premium,7.188407091294996,42.96877700029533,212,126.71037120420674,CreditCard,Yes
C0444,44,Urban,Premium,20.289239632913755,36.6922885505184,83,56.59204931861952,BankTransfer,No
C0445,51,Suburban,Premium,5.562462120053019,47.36442374109831,34,29.10893044375463,CreditCard,No
C0446,38,Urban,Premium,4.447357344135088,39.189966220221756,110,27.361322459082544,CreditCard,No
C0447,47,Suburban,Basic,23.176855102812095,16.02847234657723,185,35.6491594357194,CreditCard,No
C0448,50,Rural,Basic,20.46060323193752,12.76973125705697,126,95.49991586987481,BankTransfer,No
C0449,45,Rural,Premium,13.62440242220185,35.036957223888,175,140.73924475671402,BankTransfer,No
C0450,64,Suburban,Basic,16.929983372923015,18.52358236301972,50,84.57664564077798,BankTransfer,No
C0451,50,Urban,Premium,10.047536589466135,28.52764327975452,129,129.58291271930563,CreditCard,No
C0452,22,Suburban,Basic,14.99251218682546,0.8097448158102764,106,77.96526058177503,CreditCard,No
C0453,77,Urban,Basic,15.693506820499628,3.5633422331835245,154,112.11586094981728,BankTransfer,No
C0454,78,Urban,Basic,12.229880864164782,27.000713088491736,225,115.14345584724511,BankTransfer,No
C0455,65,Urban,Premium,27.29059410949272,28.52054649918417,238,42.61528176743403,CreditCard,No
C0456,36,Rural,Premium,1.4657940844491781,37.69692075073751,139,66.95808766685553,BankTransfer,No
C0457,21,Urban,Basic,23.68296662964614,7.032283321386106,146,102.84928034994311,CreditCard,No
C0458,52,Suburban,Premium,4.607102105998406,25.90256264596055,282,29.190559063967605,CreditCard,No
C0459,66,Suburban,Basic,24.128873455578784,10.125158399368585,126,67.00022440918436,BankTransfer,No
C0460,34,Suburban,Basic,18.861445554624915,5.113207918353387,103,89.52393061655502,CreditCard,Yes
C0461,61,Urban,Basic,25.45506463715567,20.819541805997453,177,149.50918409580302,BankTransfer,No
C0462,45,Rural,Basic,3.8279154435860265,8.585164080408333,212,81.6893631409173,CreditCard,No
C0463,47,Urban,Basic,17.210438388893447,11.47820792051977,158,126.08737842486207,CreditCard,No
C0464,46,Urban,Premium,15.531548527603716,16.218951703540334,192,76.1687470586603,BankTransfer,No
C0465,63,Urban,Premium,21.4796023059374,13.339725836788213,161,123.53079394056216,BankTransfer,Yes
C0466,70,Urban,Basic,16.494426004916598,4.835769221594346,83,97.4039242106141,CreditCard,No
C0467,23,Rural,Basic,16.681302446860023,4.950854120555263,283,135.2574073953118,CreditCard,No
C0468,52,Rural,Premium,13.458282363705875,10.065846054091324,51,73.4225318055143,BankTransfer,No
C0469,77,Urban,Premium,9.956198296212884,3.0026798039971783,221,98.55957457679226,CreditCard,No
C0470,58,Urban,Premium,14.985666476313574,31.509622474007895,110,101.90242848044755,BankTransfer,No
C0471,54,Urban,Basic,4.436278404283617,14.722672467190646,54,74.25978243406152,BankTransfer,No
C0472,41,Urban,Basic,28.883886830509457,14.347425404569016,91,38.7605656793726,CreditCard,No
C0473,46,Suburban,Basic,21.71791214517135,16.933915564769375,26,32.16272289860362,CreditCard,Yes
C0474,66,Urban,Basic,28.621546383947557,33.30841557338122,82,22.1673015779523,CreditCard,No
C0475,63,Urban,Basic,7.575094087568934,43.59637713343278,23,133.5594543518779,BankTransfer,No
C0476,70,Urban,Premium,26.500889585119314,38.0748031615041,166,50.74173859103029,CreditCard,No
C0477,48,Suburban,Basic,24.454909552342617,36.5126968961422,232,47.495877406629845,CreditCard,No
C0478,52,Suburban,Basic,20.637419961272535,24.47736368724204,141,115.68460205538852,CreditCard,No
C0479,77,Rural,Basic,19.125846396470966,34.84337506988688,56,61.602094701360926,CreditCard,Yes
C0480,50,Rural,Basic,10.17994029276823,27.861737217662366,116,85.78581001353875,CreditCard,Yes
C0481,69,Rural,Basic,24.67591276398589,11.20440114523318,117,41.12643848866932,CreditCard,No
C0482,78,Urban,Basic,15.54394838291228,10.82512420318201,274,144.76694379005602,BankTransfer,No
C0483,38,Suburban,Basic,3.0558557008472755,15.17140434032653,214,130.70558200224087,BankTransfer,No
C0484,49,Rural,Premium,10.07303166479877,45.58473221300576,88,132.29265098545042,BankTransfer,No
C0485,40,Rural,Premium,28.1236158578145,27.59703459879643,164,72.88058731436067,CreditCard,No
C0486,50,Rural,Basic,25.66972755754054,36.82831616159254,280,119.10695778193246,CreditCard,No
C0487,20,Rural,Basic,29.475265244219635,17.654658610919107,256,38.70390020067142,BankTransfer,No
C0488,35,Rural,Premium,19.211808095518844,20.68193064792865,28,21.120470336931437,CreditCard,No
C0489,42,Suburban,Basic,8.177792121071946,6.715496142543943,35,22.596481235143656,BankTransfer,Yes
C0490,59,Suburban,Basic,5.72163644062905,8.979100412172683,226,96.25822586259287,BankTransfer,Yes
C0491,48,Rural,Premium,6.420518777645388,41.454149463894204,163,79.2013376822323,CreditCard,Yes
C0492,71,Rural,Basic,1.574074092070377,29.449512268599662,163,87.34199535810757,BankTransfer,Yes
C0493,75,Urban,Basic,12.329781218592236,17.207857061249037,183,20.97020825423852,BankTransfer,Yes
C0494,20,Rural,Basic,6.551402734486732,40.241134845279525,101,74.94926055546534,CreditCard,No
C0495,57,Urban,Basic,12.93800835324437,12.702735329080157,190,113.3488609561119,CreditCard,No
C0496,63,Rural,Basic,28.114838523324195,48.81361858071009,140,77.55018125576666,CreditCard,No
C0497,41,Suburban,Premium,13.485666075708508,17.568471583435404,284,115.1884968205889,CreditCard,Yes
C0498,67,Rural,Basic,26.46155041256021,17.196892230485766,282,50.29246537158852,CreditCard,No
C0499,49,Urban,Basic,18.55963823186042,15.939639324066908,85,125.70846058262431,CreditCard,No
C0500,64,Urban,Premium,8.166815085180366,6.544520038252252,186,96.4960612589488,BankTransfer,Yes
C0501,39,Urban,Basic,11.31978801851713,6.001288792934615,193,47.399202925887806,CreditCard,No
C0502,40,Rural,Basic,3.433666538821453,32.581199209439106,140,50.77366186099828,CreditCard,Yes
C0503,19,Urban,Premium,10.670415214284304,43.81834320562333,58,101.64396039403981,BankTransfer,No
C0504,44,Urban,Basic,20.64868741960249,39.63076525844784,64,127.89214711761764,CreditCard,No
C0505,59,Urban,Premium,3.0912216949536204,7.484825904056879,163,74.03161166379017,BankTransfer,No
C0506,19,Rural,Premium,6.956640845862851,27.506315028707288,209,53.579055786586984,CreditCard,No
C0507,43,Rural,Basic,12.061790200986033,5.72678152584368,127,132.71150889837804,CreditCard,No
C0508,34,Urban,Basic,29.479436573462912,2.7420848588473334,272,107.00487792760853,CreditCard,No
C0509,57,Urban,Premium,23.760992865807527,32.99110003954598,55,78.25111334679994,BankTransfer,No
C0510,50,Rural,Basic,22.271115648271014,26.99004051717734,198,83.42702538630924,CreditCard,Yes
C0511,26,Rural,Premium,4.369537739237933,4.560172417967808,138,46.55334083173153,BankTransfer,Yes
C0512,60,Rural,Basic,23.648880914834752,2.229492697096428,58,101.48434190842971,CreditCard,No
C0513,71,Urban,Basic,23.772795533964437,49.49294246376206,34,66.63652637057552,CreditCard,No
C0514,65,Rural,Basic,18.43197817310552,1.986055941379058,275,149.4338729676654,CreditCard,No
C0515,56,Urban,Premium,29.720491677952786,22.504148525982902,127,82.42385698404541,BankTransfer,Yes
C0516,46,Suburban,Premium,10.432363271812006,25.478641718080933,153,83.16512880464971,BankTransfer,No
C0517,59,Rural,Basic,28.296900999013697,6.305367316122029,209,93.56073236338734,CreditCard,No
C0518,72,Urban,Basic,27.527202333738604,8.868558032765955,166,139.17828040543708,CreditCard,No
C0519,43,Urban,Premium,1.3329391327319575,17.91434781731245,143,124.10635298176754,CreditCard,No
C0520,52,Rural,Basic,14.05337926776952,38.2029558725763,157,78.64690907371939,CreditCard,No
C0521,67,Suburban,Basic,29.336022758495627,25.600579990983203,80,113.43090457646348,CreditCard,Yes
C0522,42,Rural,Basic,3.990519509834198,32.07614279037159,242,96.21061484149901,BankTransfer,No
C0523,41,Rural,Basic,16.885756137116264,49.2661404769884,163,84.00771633116236,BankTransfer,No
C0524,30,Rural,Premium,29.389767704192018,38.51626904800388,99,45.00105046196557,CreditCard,No
C0525,77,Rural,Basic,17.109367299069945,22.000894157990277,208,80.31171424913582,CreditCard,No
C0526,75,Urban,Basic,6.504643786192523,22.598875128929162,170,51.95641631293471,BankTransfer,No
C0527,24,Suburban,Basic,17.8833136726851,31.12921781352975,35,138.9294794807151,BankTransfer,No
C0528,74,Urban,Premium,6.928776644536859,33.435577816735766,130,63.602885754525104,CreditCard,No
C0529,53,Urban,Basic,16.071423623940042,25.28519082891523,221,143.7943218893384,CreditCard,No
C0530,62,Suburban,Basic,3.147224319458092,32.42063052934151,72,89.29718771231245,CreditCard,No
C0531,37,Urban,Basic,18.558997407217735,1.664858473497889,77,102.10076922790084,CreditCard,No
C0532,18,Urban,Premium,15.986908234716587,21.766331762893785,262,90.5822577836126,CreditCard,No
C0533,25,Urban,Basic,22.46467969408243,14.3074347656371,11,36.81948020567111,CreditCard,No
C0534,63,Suburban,Basic,19.290313663604767,6.894135039533964,117,68.85675847103232,BankTransfer,No
C0535,33,Urban,Basic,16.938581787391943,5.427552384034369,295,32.88899459609111,CreditCard,Yes
C0536,31,Urban,Basic,21.003586628195514,30.35801219792604,58,100.98402574383962,CreditCard,No
C0537,29,Urban,Basic,5.174315493594695,26.41822708405428,149,78.09364537605705,CreditCard,Yes
C0538,68,Urban,Premium,18.265430176499518,13.052413791320275,227,121.13804630422179,BankTransfer,No
C0539,40,Urban,Basic,5.9912074818605525,23.812027909239468,53,48.66116252991808,BankTransfer,No
C0540,32,Urban,Premium,27.840144027704547,24.86549960152921,278,41.39358759581354,CreditCard,No
C0541,45,Rural,Basic,2.981689040522522,10.152944531711482,87,72.82319002528982,CreditCard,No
C0542,51,Urban,Premium,13.480867741033004,32.77860656314171,225,140.45609981838953,BankTransfer,No
C0543,19,Urban,Basic,21.1781268520079,39.155508141111476,107,112.35483595161352,CreditCard,No
C0544,49,Urban,Basic,14.282644138379503,39.67744527403119,245,74.46007122307942,CreditCard,Yes
C0545,40,Urban,Premium,3.670762343754168,30.322256619821026,291,87.24538206806038,CreditCard,Yes
C0546,39,Rural,Premium,17.047991467674514,25.826109834691195,158,30.947691453022784,CreditCard,No
C0547,68,Rural,Basic,19.607325355993282,3.519853578767047,75,147.9948665288947,CreditCard,No
C0548,42,Urban,Basic,21.40997701872472,14.74764929315449,243,106.63294961033947,BankTransfer,Yes
C0549,75,Urban,Premium,11.824534619420008,5.11693661551941,96,57.10252890024492,BankTransfer,Yes
C0550,79,Urban,Basic,17.346139159834102,48.20924646348445,88,96.15509124798176,CreditCard,No
C0551,78,Suburban,Premium,14.069907773228481,7.186467238175155,214,34.23270758896922,BankTransfer,No
C0552,39,Rural,Premium,20.489625123815348,8.01288278762955,288,145.55876694498585,CreditCard,No
C0553,75,Rural,Basic,17.923152052419738,44.53404260735936,263,42.72204842483757,CreditCard,Yes
C0554,75,Urban,Basic,16.24693036721491,47.22445003208466,139,104.24394134717784,CreditCard,Yes
C0555,39,Suburban,Basic,8.23620663830921,38.408537442128036,93,51.90908013006096,BankTransfer,No
C0556,66,Urban,Basic,1.0585370146987836,0.7675437217971586,285,113.28297974430964,CreditCard,No
C0557,69,Urban,Basic,6.048368584031449,0.5666404123499031,196,120.98677774123654,CreditCard,No
C0558,59,Urban,Premium,4.394915201300891,19.215988104478814,55,107.54456475848625,BankTransfer,No
C0559,23,Urban,Basic,14.023457605317455,7.59807081553918,192,99.88492983317502,BankTransfer,No
C0560,32,Suburban,Premium,18.755486372093493,1.4101140365040656,277,136.0209822137615,BankTransfer,Yes
C0561,71,Rural,Basic,7.179465251859437,23.47130112552298,109,30.221472428668545,CreditCard,No
C0562,60,Urban,Basic,28.232655783048425,47.18156392164509,87,63.01891955142538,CreditCard,No
C0563,77,Rural,Basic,1.1937817474927455,16.529068957670354,281,52.27737235200998,CreditCard,No
C0564,54,Suburban,Basic,23.396729439794942,33.226463582220475,171,148.4418150685048,CreditCard,No
C0565,50,Suburban,Basic,19.130938316382824,32.785649980055815,53,70.62067135669355,BankTransfer,No
C0566,25,Rural,Basic,11.833089230382775,12.928465131425805,247,115.23965090125184,CreditCard,Yes
C0567,70,Suburban,Premium,2.4641793879598297,32.69604981678128,143,109.0142713045306,CreditCard,No
C0568,77,Suburban,Basic,19.197110581744102,11.010531727201117,201,47.570560872059104,BankTransfer,No
C0569,61,Rural,Basic,12.182791873103794,6.5393669720560075,287,51.06969842750167,CreditCard,No
C0570,61,Urban,Basic,28.151747042983356,35.21847263520466,27,56.56699326189443,CreditCard,No
C0571,22,Urban,Basic,16.717712171803214,6.115320446643878,21,73.4465461737193,BankTransfer,No
C0572,56,Suburban,Basic,28.249893827511737,49.84700632017309,189,50.462258534568484,BankTransfer,No
C0573,21,Urban,Basic,7.394027110725819,9.58089385693635,132,22.554692757090216,BankTransfer,No
C0574,23,Suburban,Basic,22.046051400558994,29.910022206444648,255,134.3210973849354,CreditCard,Yes
C0575,62,Urban,Basic,18.900221604613044,20.863041284923174,231,145.52927807951494,CreditCard,No
C0576,49,Urban,Basic,22.44283866510804,6.756127909080522,60,64.40415031410383,BankTransfer,Yes
C0577,69,Urban,Premium,7.225368055203567,1.878273425081963,80,64.00589432531147,CreditCard,No
C0578,47,Urban,Basic,20.284840970895438,31.325247973495248,57,20.92193566066823,CreditCard,No
C0579,64,Suburban,Basic,15.4431713986492,40.434499407561745,28,108.43258948294863,BankTransfer,No
C0580,52,Suburban,Basic,22.541924272283172,42.17977524458383,271,127.30718644732174,CreditCard,No
C0581,72,Suburban,Basic,10.484294680402716,24.394316917308256,93,39.05907904680041,BankTransfer,No
C0582,57,Rural,Premium,26.811653738492325,38.98404562552808,164,40.756625417729595,CreditCard,Yes
C0583,69,Urban,Basic,3.4447381237291608,33.80593310768297,62,122.71082249628691,CreditCard,No
C0584,33,Rural,Basic,24.408490244944453,36.350599111207096,116,100.11779728603881,CreditCard,Yes
C0585,30,Rural,Basic,25.978269148637633,24.8836507584798,144,25.831872491603214,BankTransfer,No
C0586,67,Rural,Basic,24.700317029637816,31.85388114198529,78,100.93110876009662,CreditCard,No
C0587,77,Urban,Basic,15.869065433591505,40.37353272201482,20,60.15930396968959,CreditCard,No
C0588,59,Rural,Basic,13.713164420892078,20.19526669007264,152,67.93427021120996,BankTransfer,No
C0589,47,Urban,Premium,29.891606309221427,40.39595559294539,201,120.06508437859442,BankTransfer,Yes
C0590,36,Suburban,Basic,7.645986585210702,29.80483371805861,78,125.42157504743938,BankTransfer,Yes
C0591,34,Suburban,Basic,16.859403010405295,8.712100706353919,32,72.04636148917798,CreditCard,No
C0592,73,Urban,Basic,20.44959023608744,1.7218657826169383,190,143.12988168082612,CreditCard,No
C0593,36,Rural,Basic,21.325161439981528,18.456303219758027,18,72.8401533337694,BankTransfer,Yes
C0594,45,Rural,Basic,6.916715306418782,27.561468250668824,280,120.33868457991429,BankTransfer,No
C0595,75,Urban,Premium,19.965828677854237,42.07110743407267,102,82.90404439335367,CreditCard,No
C0596,72,Suburban,Premium,24.732717427958782,6.810541166942187,26,136.67920244787092,CreditCard,Yes
C0597,43,Suburban,Basic,2.4505387278122543,40.11021421033717,163,138.00896167452322,BankTransfer,No
C0598,54,Urban,Premium,27.434117506434177,43.21894778032773,158,31.3641850232409,CreditCard,Yes
C0599,43,Urban,Premium,1.855617599210972,7.959030606541273,276,141.74413307032933,BankTransfer,No
C0600,70,Urban,Premium,11.323159942163436,42.653918805558845,115,127.31952939765404,CreditCard,No
C0601,79,Urban,Basic,1.4585826907558999,49.57695160821821,44,122.87039286064669,CreditCard,No
C0602,40,Urban,Premium,3.2372098876478743,36.47852213688776,128,46.118474159117916,BankTransfer,No
C0603,26,Suburban,Basic,27.423880270222295,39.346099250336906,23,124.66549713810645,CreditCard,Yes
C0604,29,Urban,Premium,11.290964091638287,49.72355574416424,23,130.5172555090548,CreditCard,No
C0605,70,Urban,Basic,13.318374382326533,30.471321901034297,275,57.58954347903963,CreditCard,No
C0606,18,Suburban,Basic,7.244987060094026,15.740375909804346,149,143.79381018710208,CreditCard,Yes
C0607,75,Rural,Premium,18.315777335414875,41.957776286764755,128,26.48181903189135,BankTransfer,No
C0608,75,Urban,Basic,18.2492932256559,30.917045986825748,247,39.48820292212815,BankTransfer,No
C0609,18,Urban,Premium,11.793811362931358,29.26917347418735,43,89.88554794669686,BankTransfer,No
C0610,64,Urban,Premium,10.658011282356552,13.054959997944895,178,94.85302124590027,CreditCard,No
C0611,51,Rural,Basic,26.663964937237047,37.938546344352886,19,103.86951082911744,CreditCard,No
C0612,49,Urban,Basic,12.11524294962384,4.542530155074765,131,22.20598681101064,CreditCard,No
C0613,79,Rural,Basic,15.311528772477839,46.25221000433573,154,144.84768070087694,BankTransfer,No
C0614,71,Suburban,Basic,9.215838110322988,16.628261308138995,232,25.79645205543872,BankTransfer,No
C0615,65,Urban,Basic,23.816315597356695,6.824845313104527,266,38.598053854042305,BankTransfer,No
C0616,42,Suburban,Premium,12.525996550073657,22.39714338856973,277,21.821887278387408,CreditCard,No
C0617,57,Suburban,Basic,15.894720349785413,2.602260508198391,13,93.69159632823231,CreditCard,No
C0618,62,Urban,Basic,8.34735793173018,34.38899661611583,115,141.1946949097264,CreditCard,No
C0619,70,Suburban,Premium,29.6421281778963,45.18392276704513,94,106.57313159046035,CreditCard,No
C0620,18,Rural,Basic,9.453376486787963,41.944518853356186,223,126.94547090245555,CreditCard,No
C0621,33,Suburban,Basic,23.351533396260997,6.804788935670113,130,21.726556449615412,BankTransfer,No
C0622,78,Rural,Premium,13.397373860346017,6.750421286832727,141,90.46198880236439,CreditCard,No
C0623,56,Rural,Basic,6.980304747440057,40.76500687505107,206,79.74318707571784,CreditCard,No
C0624,22,Rural,Premium,24.191844154980974,46.25058659285424,28,84.8658327487031,CreditCard,No
C0625,39,Suburban,Premium,10.674596881842252,23.30315657675771,139,29.38771409357443,BankTransfer,Yes
C0626,46,Rural,Premium,26.09060707453652,25.199070287231415,21,108.97659693900997,CreditCard,No
C0627,72,Rural,Basic,27.54245836261687,16.25397104859343,90,85.41865393162247,BankTransfer,No
C0628,20,Suburban,Basic,25.934891226347002,44.76612335369249,271,119.46935048196431,BankTransfer,No
C0629,29,Urban,Basic,2.015229529397364,32.42269381197162,134,83.08778242802299,CreditCard,No
C0630,43,Urban,Premium,23.833827005148063,14.76845306978474,276,39.419612709436166,BankTransfer,Yes
C0631,33,Urban,Premium,12.928844528475173,15.289752117185454,149,104.27340403011686,CreditCard,No
C0632,68,Urban,Basic,26.33796468528453,44.61440361664832,11,42.41022707367161,CreditCard,No
C0633,54,Urban,Basic,19.500673617857423,1.1748841833381627,17,133.41129323612594,BankTransfer,Yes
C0634,39,Suburban,Basic,25.175650890174794,16.4749653499686,259,99.7051110790014,BankTransfer,No
C0635,74,Urban,Basic,15.483521326138225,27.94065572021027,148,40.43650486240405,CreditCard,No
C0636,46,Rural,Premium,16.51573963336905,7.836764373916569,133,145.10394747255688,CreditCard,No
C0637,31,Urban,Basic,5.18724133187635,5.058888332879695,237,87.38751023359168,CreditCard,No
C0638,45,Suburban,Premium,23.735633401991308,40.85617838898272,19,29.47679874331515,CreditCard,No
C0639,22,Suburban,Premium,13.162298738342178,44.77301723810111,221,101.48827757395874,CreditCard,No
C0640,64,Urban,Basic,15.502323429875895,41.26851782951038,121,52.91585791166533,CreditCard,Yes
C0641,66,Suburban,Basic,23.76783370877552,44.99000054199871,17,124.48014874404932,CreditCard,No
C0642,47,Urban,Basic,18.36651660230373,27.87904256738939,262,126.31686956360478,BankTransfer,No
C0643,63,Suburban,Basic,6.831863095837356,40.706776989021925,23,147.26315626110605,CreditCard,No
C0644,79,Urban,Premium,18.11674711537589,19.51011060035947,249,85.24303903318548,CreditCard,No
C0645,69,Suburban,Premium,12.821352881410018,33.48025914321241,251,79.14439436460583,CreditCard,No
C0646,22,Urban,Premium,14.616240719272017,49.44735880376364,158,117.95182870804248,BankTransfer,No
C0647,29,Rural,Basic,1.8210269576773657,11.673522330036807,245,37.22118532445045,CreditCard,No
C0648,33,Rural,Basic,7.090851135972167,19.800037441408488,176,91.09901679310614,CreditCard,No
C0649,43,Urban,Premium,9.15010436004982,24.262345176849237,29,91.01218801701063,CreditCard,No
C0650,43,Urban,Basic,21.67584022790537,7.33176660749256,225,31.63150596535034,BankTransfer,No
C0651,65,Urban,Basic,1.3332817256453442,4.511411218020311,144,74.33793111589875,CreditCard,No
C0652,38,Urban,Basic,12.85454057564483,41.57128188292041,138,130.92702381373624,BankTransfer,No
C0653,56,Rural,Basic,27.796779242346254,48.851321454965515,255,131.29997085930583,BankTransfer,No
C0654,53,Urban,Basic,4.244537879924591,20.533890659568105,198,32.90089643955853,BankTransfer,No
C0655,50,Urban,Basic,15.97630725833972,4.838666891635337,53,31.793714757218012,BankTransfer,No
C0656,79,Urban,Premium,23.809149089334564,3.7576821541835357,95,54.150412010251586,CreditCard,No
C0657,47,Suburban,Basic,28.333407918083385,44.62025121483479,53,133.71958813201917,CreditCard,No
C0658,54,Urban,Basic,22.65652254647782,23.458805361520156,154,36.75733605955486,BankTransfer,No
C0659,40,Urban,Basic,21.896400910687777,16.3413521698384,60,113.59958434156802,CreditCard,No
C0660,75,Urban,Premium,24.96815461567711,24.084832926350277,251,33.151530549703416,CreditCard,No
C0661,27,Urban,Basic,13.939835408348767,16.256052687271193,60,101.0079209872173,BankTransfer,No
C0662,71,Suburban,Basic,24.36949144591716,24.70727087772719,275,66.28874888548881,CreditCard,No
C0663,22,Urban,Basic,1.2309677376180828,43.04804164743787,129,122.55881518556271,CreditCard,No
C0664,53,Urban,Premium,27.812270605927342,29.818917867573738,209,50.37975834729727,CreditCard,Yes
C0665,51,Rural,Basic,13.855888775998084,34.885361754103684,257,103.09623782069478,CreditCard,No
C0666,69,Rural,Premium,17.04802544810668,18.551198473599662,79,50.638729494865046,BankTransfer,Yes
C0667,48,Urban,Premium,8.391585218531587,37.05604098627068,66,112.77583680458,CreditCard,No
C0668,27,Rural,Basic,22.53339415237222,33.49754570152893,48,133.57814449289734,CreditCard,No
C0669,75,Suburban,Premium,3.2224383877822156,6.418318888726795,298,36.484233886478805,CreditCard,No
C0670,36,Urban,Basic,26.306438273858223,28.84582122922144,27,132.65743951741547,BankTransfer,No
C0671,75,Rural,Premium,25.01538804118394,13.208803067333022,229,97.16478307385873,BankTransfer,No
C0672,49,Rural,Basic,7.2657433710982255,40.30273564686284,253,36.52436381271312,CreditCard,No
C0673,18,Urban,Premium,24.470407550272608,21.5839165691135,292,75.58044119676256,BankTransfer,Yes
C0674,73,Urban,Basic,23.804374258782964,49.73686617722611,83,40.911838153062725,CreditCard,No
C0675,22,Urban,Basic,19.33428133486452,5.0787716779787075,119,111.04522555265403,BankTransfer,No
C0676,62,Suburban,Basic,11.832085130090938,39.12721920563785,189,118.65285747433346,CreditCard,Yes
C0677,21,Suburban,Basic,8.873463871274168,33.848235810336746,41,33.75354763546386,BankTransfer,No
C0678,33,Rural,Basic,7.721724118391151,38.49119211423992,243,85.79818085030377,CreditCard,Yes
C0679,41,Urban,Basic,10.239659920144607,15.722724876777589,291,125.90125728336923,CreditCard,No
C0680,33,Rural,Basic,27.20319485954338,24.856697224428828,34,141.70119540162955,CreditCard,Yes
C0681,72,Rural,Basic,3.251582503674657,39.927171726323564,288,86.7573226764301,BankTransfer,Yes
C0682,19,Urban,Premium,25.0372670113358,12.010795915232322,235,143.53629906948294,CreditCard,Yes
C0683,66,Urban,Basic,11.117812176212883,11.688643241038278,66,89.63956615928387,BankTransfer,No
C0684,45,Suburban,Basic,16.126382484329387,27.777022188099153,189,71.24476429798804,CreditCard,No
C0685,49,Urban,Basic,24.04008337580623,26.41639718672786,241,130.2664067118764,CreditCard,No
C0686,44,Suburban,Basic,26.646919863666167,14.471992285440177,296,84.08775235955157,CreditCard,No
C0687,37,Urban,Premium,10.998661182106764,15.254744700978726,73,81.347326373388,BankTransfer,No
C0688,41,Urban,Basic,14.393460956978199,14.253335578724991,241,83.74062362327768,CreditCard,No
C0689,29,Urban,Premium,13.020965879686976,38.68984706892514,298,130.0820502430669,BankTransfer,No
C0690,67,Urban,Premium,1.384279971613406,32.7690928453418,222,128.1524004194468,BankTransfer,No
C0691,52,Suburban,Premium,9.582343776901041,41.70465057880751,267,72.45759901722747,BankTransfer,No
C0692,77,Urban,Basic,14.316487778244293,48.78591490154408,27,63.32898178316825,CreditCard,No
C0693,50,Suburban,Premium,12.921714657532753,23.971132665463326,184,83.9506431250868,BankTransfer,No
C0694,50,Rural,Premium,21.935947597954705,3.8013471295697183,238,94.46042626582417,BankTransfer,Yes
C0695,78,Suburban,Basic,12.159304899411994,2.880569365395754,235,50.9838373816396,CreditCard,No
C0696,68,Urban,Basic,15.191917020149436,15.135419443945148,93,123.21416101302678,BankTransfer,Yes
C0697,60,Suburban,Basic,13.458649171838537,46.66095717294632,255,83.24275954521497,CreditCard,No
C0698,54,Rural,Basic,22.478158317936746,26.399046221058306,119,63.425921294594744,CreditCard,No
C0699,29,Urban,Basic,26.026199570621912,13.953432545966393,263,33.88672908531878,CreditCard,No
C0700,20,Urban,Basic,16.42478329121791,20.25875632829547,97,51.0498708524689,CreditCard,No
C0701,18,Suburban,Basic,23.893533631660546,30.130457816531205,81,143.40655232827788,CreditCard,No
C0702,50,Suburban,Basic,9.606813778575667,32.82100807782319,39,59.66295928653846,CreditCard,No
C0703,57,Urban,Basic,16.699718694560794,8.1190157342538,181,41.95170761771459,BankTransfer,No
C0704,27,Rural,Basic,11.011668656429201,48.86306798898621,186,79.88746291514911,CreditCard,No
C0705,60,Suburban,Basic,13.011826841583078,27.466225235648047,148,59.92140663683233,CreditCard,No
C0706,61,Suburban,Basic,22.24000207956739,7.216571730717825,203,24.57070253525524,CreditCard,No
C0707,46,Suburban,Basic,26.56821198764867,44.73494504063362,195,62.008878246324244,CreditCard,No
C0708,30,Rural,Premium,4.523366341545197,4.194602338431726,227,90.73412111213091,BankTransfer,No
C0709,29,Urban,Basic,19.404538438134036,45.43290394228688,173,91.7226083625957,CreditCard,No
C0710,48,Urban,Basic,17.882170419756157,49.82999998630463,170,66.35265975299552,BankTransfer,No
C0711,63,Urban,Premium,4.434036136102025,35.17137405824694,22,78.14935831283807,CreditCard,No
C0712,19,Rural,Basic,7.144935582763163,38.637137443162494,98,145.51732937051963,BankTransfer,Yes
C0713,78,Rural,Basic,10.019072347247727,17.196490405140576,51,69.0553020399405,CreditCard,No
C0714,68,Urban,Premium,5.841001053707543,47.10805421032972,219,53.56948572379779,CreditCard,Yes
C0715,67,Suburban,Premium,8.068154993205912,26.720841322364198,238,51.65071572867882,BankTransfer,No
C0716,52,Rural,Basic,8.760423166989519,36.753228106578966,284,79.50939965153745,CreditCard,No
C0717,40,Rural,Basic,10.734541158132728,46.24333193760833,288,118.73761933320273,BankTransfer,No
C0718,34,Urban,Premium,22.73232313123361,48.77140881078766,260,46.77846394450152,BankTransfer,No
C0719,43,Rural,Basic,17.585453911667422,41.74361565153538,217,112.20849652829985,CreditCard,Yes
C0720,25,Urban,Basic,29.601153486590643,15.499366595610486,149,22.749477035424118,CreditCard,No
C0721,46,Urban,Premium,13.02733898205666,48.34410206932808,289,74.46128713791299,CreditCard,No
C0722,43,Urban,Basic,22.862087141270827,31.591916796556802,43,120.86245847636229,BankTransfer,No
C0723,27,Urban,Basic,26.27258421991948,46.56680257942201,27,64.03528425067609,BankTransfer,No
C0724,43,Urban,Basic,20.690376298103217,33.96719877781042,66,93.28582318790193,CreditCard,No
C0725,79,Rural,Premium,12.944077472107384,15.708328611462164,121,46.64730026736841,CreditCard,No
C0726,51,Urban,Basic,22.854244291626834,18.81621394506939,14,116.4594008464024,CreditCard,No
C0727,68,Rural,Basic,6.906346995407861,27.748352966595554,191,26.79628342493875,BankTransfer,Yes
C0728,58,Urban,Basic,10.49901279022384,39.60573465721416,22,130.83054383381506,CreditCard,Yes
C0729,24,Suburban,Basic,16.853872397879375,16.24013629134658,294,45.76553023481686,CreditCard,No
C0730,21,Suburban,Basic,17.686872231298302,29.196692723642506,268,133.671744122083,BankTransfer,No
C0731,75,Urban,Premium,1.6421027887062543,17.608437182031874,99,65.82880136906725,CreditCard,No
C0732,70,Urban,Basic,28.408311473924254,40.8805855294378,113,113.94886468168326,CreditCard,No
C0733,67,Urban,Basic,21.20219086530431,23.603040641513548,195,61.4992887122045,BankTransfer,No
C0734,62,Rural,Premium,15.375408756724841,4.297779929217819,259,137.76851726050418,BankTransfer,Yes
C0735,28,Rural,Basic,28.060689797840944,8.71959981333605,264,36.46282631738867,CreditCard,No
C0736,46,Urban,Premium,13.733771392274026,3.524681047171798,85,43.20757260543783,CreditCard,No
C0737,73,Rural,Basic,29.43263153784078,25.2154958277091,117,84.0939162706443,CreditCard,Yes
C0738,53,Urban,Basic,15.856257960061068,5.763696218737245,165,30.651997074959,CreditCard,No
C0739,42,Urban,Basic,4.314287329941404,6.149928480826789,91,45.47742401122905,BankTransfer,No
C0740,38,Rural,Premium,23.17922820131904,47.081888871899665,86,142.68962968756188,CreditCard,No
C0741,78,Urban,Basic,20.688034027257373,43.69642607271474,267,146.94365594922533,BankTransfer,No
C0742,74,Rural,Basic,23.416614917862017,22.878286542162616,136,68.91371281295486,BankTransfer,No
C0743,53,Urban,Basic,28.59181883304475,49.29736338208519,291,140.02718273181165,CreditCard,No
C0744,27,Suburban,Basic,23.518189776879524,0.5092331444478242,97,90.82720783754613,CreditCard,No
C0745,54,Urban,Basic,18.72876146428276,30.891983085532992,213,55.06652056358972,CreditCard,No
C0746,26,Urban,Premium,25.861958168464387,31.01319477990757,25,111.31183374047782,BankTransfer,No
C0747,41,Rural,Basic,20.524146741281413,23.143431265559467,160,105.65723485473144,BankTransfer,No
C0748,52,Urban,Premium,12.835452647951769,20.148924660247495,263,148.58629148413533,CreditCard,No
C0749,66,Suburban,Basic,26.682973163011425,23.041465206290077,197,54.45614736320683,BankTransfer,Yes
C0750,52,Rural,Basic,7.435113362746813,21.040541585944183,41,107.36773534602561,CreditCard,No
C0751,65,Rural,Basic,21.724596972353,36.65937763537382,280,26.763088153828097,BankTransfer,No
C0752,53,Rural,Basic,26.56534019328195,7.200094031177561,14,34.77398503057353,CreditCard,No
C0753,35,Suburban,Premium,22.20817907139559,10.283141419260943,178,20.509388743642123,CreditCard,Yes
C0754,66,Suburban,Premium,21.22098715256185,9.435652305424968,190,149.9298885377575,BankTransfer,No
C0755,56,Rural,Basic,22.826510528083244,13.492293963502595,187,124.29558062917211,CreditCard,No
C0756,49,Rural,Basic,14.486602200718687,26.500291729688374,152,122.2739919153603,CreditCard,Yes
C0757,41,Urban,Basic,26.350949782553755,6.004832993241827,257,86.26438978746336,CreditCard,Yes
C0758,40,Urban,Premium,6.8996577789466444,43.474380118661955,136,59.00872077770719,CreditCard,No
C0759,79,Rural,Basic,4.6942060640098395,15.21939579976938,272,39.66435698014787,CreditCard,No
C0760,49,Urban,Basic,9.279754623436835,8.545630379701038,49,57.00771605004027,BankTransfer,No
C0761,54,Urban,Premium,16.4157445064748,33.943254825113044,264,68.87625885078808,CreditCard,No
C0762,29,Urban,Basic,15.806292066870805,2.385271879666304,152,118.32031260743823,CreditCard,No
C0763,66,Urban,Basic,24.797363972621014,31.188443961271126,249,90.15603255740982,BankTransfer,No
C0764,72,Rural,Basic,12.732491035716505,35.06082231848674,237,30.072871452212752,CreditCard,No
C0765,30,Suburban,Premium,15.04598836245375,11.138368303642599,207,22.34377116465859,CreditCard,No
C0766,40,Urban,Basic,1.3876628145224734,2.5772216354598974,74,33.30318333942821,BankTransfer,Yes
C0767,42,Rural,Basic,12.882437856845232,18.500445266512756,20,73.36483278065931,BankTransfer,No
C0768,52,Suburban,Basic,19.78545275555992,5.380414396975856,117,141.3150792163724,BankTransfer,No
C0769,58,Urban,Basic,1.4497415881711733,6.265653558830185,35,102.86232255719881,BankTransfer,No
C0770,47,Suburban,Basic,9.145576990401068,13.085930956520796,160,124.23736698381697,CreditCard,No
C0771,34,Urban,Basic,7.030734419392308,15.125662269024586,230,80.6286972855913,BankTransfer,Yes
C0772,66,Urban,Basic,2.2175774383780587,26.73353188056032,246,67.01659081535556,CreditCard,No
C0773,79,Suburban,Basic,14.898542607521588,34.08039833239915,246,34.092048453160956,BankTransfer,No
C0774,37,Urban,Basic,6.269975503616538,29.842161573074147,228,133.87129288420664,CreditCard,No
C0775,65,Rural,Basic,22.549364649310025,7.843836695831082,160,121.81080377362737,BankTransfer,No
C0776,42,Suburban,Premium,25.589908629137106,9.01825860640501,132,41.85535268770427,BankTransfer,Yes
C0777,39,Urban,Basic,16.821970297405286,43.99907786474927,153,86.59387330391387,BankTransfer,No
C0778,30,Rural,Premium,29.469512933113105,28.138439595673624,198,83.35872502976184,CreditCard,No
C0779,76,Suburban,Premium,14.063878572647265,43.561922728435604,264,101.26190184924872,CreditCard,No
C0780,36,Urban,Basic,15.88767809652255,18.891552310333783,77,143.00429621886394,BankTransfer,No
C0781,66,Suburban,Basic,29.687314864774756,30.91280036785053,113,95.37028742912236,BankTransfer,No
C0782,53,Rural,Basic,7.714904642986416,26.42133909470323,168,90.22824468122042,CreditCard,No
C0783,29,Rural,Basic,28.333832250630252,16.2966127461129,99,26.541981281506313,BankTransfer,Yes
C0784,78,Rural,Basic,2.2422890984542843,23.76081091566297,265,28.177971882343112,BankTransfer,No
C0785,58,Urban,Basic,13.94521981763265,25.373298402933138,229,44.355082872482555,CreditCard,No
C0786,36,Suburban,Basic,3.030101851858907,10.43816325045559,18,24.221200319927277,BankTransfer,Yes
C0787,29,Suburban,Premium,22.147807544495645,16.093013432648213,21,116.63587642410161,CreditCard,No
C0788,26,Rural,Basic,18.643859140520515,39.674782650095295,253,114.0329395192152,CreditCard,No
C0789,24,Rural,Premium,21.492393640560294,45.831517852979296,191,37.68731047611358,CreditCard,No
C0790,45,Rural,Basic,11.859931599072493,18.309807630492323,293,128.6902571033865,CreditCard,No
C0791,31,Urban,Premium,11.71497608691003,15.6951279693464,108,40.122184529994556,BankTransfer,No
C0792,48,Rural,Basic,2.3142590898659434,10.162259646308184,206,59.152826309656646,CreditCard,Yes
C0793,69,Rural,Basic,11.148403246359553,34.08531284820377,235,52.366996890977454,BankTransfer,No
C0794,36,Rural,Basic,27.949363665599723,16.493435232483698,112,68.39992281449622,BankTransfer,No
C0795,75,Rural,Basic,11.99756957823302,49.39360218540983,115,53.10628956569504,BankTransfer,No
C0796,64,Urban,Basic,25.109663480437128,16.621397702165684,67,83.56362043699878,CreditCard,No
C0797,33,Urban,Premium,25.427439637748087,20.009734315740094,87,72.9630245761091,BankTransfer,Yes
C0798,70,Urban,Basic,11.823993534997781,30.365042712495722,84,148.25403380131246,CreditCard,No
C0799,22,Urban,Basic,19.32767173148948,40.1833725129696,51,27.270425516669334,CreditCard,No
C0800,52,Rural,Premium,3.7657764659187003,23.741173934608867,190,38.48357893035571,CreditCard,Yes
C0801,29,Rural,Premium,4.006678841294018,21.421473672553436,42,26.867366208118323,CreditCard,No
C0802,42,Rural,Basic,2.4110722461896863,49.78407276294301,80,101.35935534770886,BankTransfer,No
C0803,69,Urban,Basic,17.849437707878174,1.0194352364272499,65,27.086206063783546,CreditCard,No
C0804,76,Rural,Basic,13.356058351156813,44.80573179813667,114,128.73716585889605,BankTransfer,No
C0805,38,Urban,Basic,16.892938343262962,7.882470884017003,209,86.55202198865061,CreditCard,No
C0806,53,Urban,Premium,16.111122524743248,39.403301172341216,110,88.51099119559939,CreditCard,No
C0807,70,Rural,Premium,11.155886741631178,31.08761221239175,265,93.00728600258525,BankTransfer,No
C0808,40,Suburban,Premium,20.646729029880714,17.42144063215556,83,42.2057818198074,BankTransfer,No
C0809,33,Urban,Premium,22.99655454657533,43.75681029829041,180,45.69973940488338,CreditCard,Yes
C0810,74,Urban,Basic,1.4242195074525958,1.1389077850591027,152,61.44625197349061,CreditCard,Yes
C0811,56,Urban,Premium,7.010026693297471,11.721187277708722,175,97.15453405684069,CreditCard,Yes
C0812,62,Urban,Premium,21.68384017441677,28.561193414352033,270,47.31531087222788,CreditCard,Yes
C0813,70,Rural,Basic,12.211985006381191,17.90134187246005,230,35.12312452732396,BankTransfer,Yes
C0814,59,Urban,Premium,20.212034461306637,30.713686018257217,92,146.1151952343962,BankTransfer,No
C0815,75,Rural,Basic,11.061917132302193,1.6934545737290079,191,22.857635925250978,CreditCard,No
C0816,56,Urban,Basic,12.331899417559475,6.26471705884477,19,124.3506626936828,BankTransfer,Yes
C0817,31,Urban,Premium,5.601687337000863,6.7912638908127425,13,122.44456944475287,CreditCard,No
C0818,48,Urban,Basic,8.48869957031864,9.869540472842466,290,58.63783479986248,CreditCard,No
C0819,75,Urban,Basic,18.55694096772003,23.23690631962687,224,37.631460080950745,CreditCard,No
C0820,22,Urban,Basic,13.561730228139826,37.73037062740678,107,38.93172407170505,BankTransfer,No
C0821,52,Urban,Basic,23.45477780539326,45.3241724774806,110,110.66611024083502,CreditCard,No
C0822,40,Suburban,Premium,25.72496369321194,41.85094024907018,18,103.56485684120257,CreditCard,No
C0823,46,Urban,Basic,16.707746128286036,10.245949652896336,70,121.75693765268028,CreditCard,No
C0824,60,Suburban,Basic,22.989751469625716,22.336952335416303,155,141.8725524118836,CreditCard,No
C0825,28,Urban,Premium,9.90023088264253,10.370874089047483,72,109.95055722465696,BankTransfer,No
C0826,35,Suburban,Basic,13.034165246602267,13.591354925025943,130,40.26069975168765,CreditCard,No
C0827,64,Rural,Basic,21.670552610288098,25.425575584838363,235,51.64754017950339,CreditCard,No
C0828,29,Rural,Basic,12.20014779169389,3.8713967238143656,114,129.4851850135049,BankTransfer,No
C0829,26,Rural,Premium,18.066643119610674,11.299629314867024,269,47.20978985844711,BankTransfer,No
C0830,27,Rural,Basic,6.375810593392833,46.8012189847023,264,29.427901204082584,BankTransfer,Yes
C0831,75,Rural,Basic,18.393368134144442,23.572756486595203,216,111.42640702549257,CreditCard,Yes
C0832,61,Rural,Basic,25.983897509579915,22.546633035904673,37,72.32842621371847,CreditCard,No
C0833,34,Rural,Basic,26.190549554879343,1.2210741601883055,179,139.60520683096746,CreditCard,No
C0834,78,Urban,Basic,22.00598778355665,12.746287479388116,85,104.533159242176,CreditCard,No
C0835,55,Urban,Basic,22.626847993207654,43.381475581117975,125,31.754467112915897,BankTransfer,No
C0836,24,Rural,Basic,17.17989590937032,8.649107198804103,78,143.2213537429759,CreditCard,No
C0837,63,Rural,Premium,17.955374614808917,21.048684506968694,243,53.612444273231965,CreditCard,Yes
C0838,30,Rural,Basic,4.875866860905022,1.209379840416562,10,63.83762375281715,CreditCard,Yes
C0839,57,Rural,Premium,13.871916464217733,24.177606342692513,176,72.29385377886047,CreditCard,No
C0840,59,Suburban,Premium,14.07251223270455,1.540544782947749,227,26.659158532560724,BankTransfer,Yes
C0841,26,Urban,Premium,28.796437234364465,41.070672876757094,282,84.54700488997864,CreditCard,Yes
C0842,67,Urban,Basic,13.501519016075394,41.330261490611626,260,36.03140383978799,CreditCard,No
C0843,44,Urban,Basic,16.93093670217997,39.49323832096731,183,72.12614246948573,CreditCard,Yes
C0844,75,Urban,Basic,16.46429057909397,14.526521410110352,179,65.59227243897095,CreditCard,No
C0845,19,Suburban,Basic,19.466089794285487,41.94324230197999,255,120.46921084544543,CreditCard,No
C0846,22,Urban,Basic,22.69875210862498,27.37840756396083,99,124.41216651225504,BankTransfer,No
C0847,46,Rural,Premium,7.526214408955291,19.00350138891662,58,39.94367471058144,CreditCard,No
C0848,54,Urban,Premium,16.333008153854635,31.453833005359535,159,67.65165435929941,BankTransfer,No
C0849,55,Rural,Basic,24.951613512164883,1.1108817799885133,141,68.53591093413812,BankTransfer,No
C0850,36,Rural,Basic,14.430326701287832,7.576563441237232,68,39.68335771169106,BankTransfer,No
C0851,25,Urban,Premium,9.075268844833618,37.24353013942801,208,123.79895565665477,BankTransfer,No
C0852,65,Rural,Basic,19.986563185332674,12.585999631449573,224,111.93968268360503,CreditCard,Yes
C0853,62,Urban,Basic,24.889254478174564,30.101451307773107,58,44.749632218614515,CreditCard,Yes
C0854,18,Urban,Premium,2.8310684948943483,19.562578839739967,241,67.67384811719387,CreditCard,No
C0855,39,Urban,Basic,23.526924018809588,42.81288605056344,256,33.75465323134685,BankTransfer,No
C0856,69,Urban,Basic,24.827790055891363,47.64455764683386,248,101.6668576220957,BankTransfer,No
C0857,34,Urban,Basic,14.384164900069598,44.236454054324426,177,35.778350191320555,BankTransfer,No
C0858,24,Rural,Premium,29.515864047735555,13.895689737333035,57,148.1714419212393,CreditCard,Yes
C0859,42,Rural,Basic,23.814541880511964,10.111062017781071,60,121.4886697094221,BankTransfer,No
C0860,62,Rural,Basic,23.436214381974306,23.98452723422638,107,70.73101144591936,CreditCard,No
C0861,21,Urban,Basic,22.687318657950083,0.8630404663909237,225,95.21331119631607,CreditCard,No
C0862,53,Rural,Basic,5.367634993329946,1.7775649467274959,186,138.47443610813315,CreditCard,No
C0863,23,Urban,Basic,7.299695707137314,27.887886661338502,89,92.0329064514574,CreditCard,No
C0864,77,Urban,Premium,14.455713812468325,26.262245506181653,194,42.68480323173417,CreditCard,No
C0865,48,Suburban,Basic,8.65612614882451,49.73180845724537,36,69.23143622555071,CreditCard,Yes
C0866,36,Urban,Premium,13.041988197687173,10.491170850506027,204,129.6088324538669,CreditCard,No
C0867,78,Rural,Basic,26.7654591877647,13.276144493443187,223,103.74769207865033,BankTransfer,No
C0868,61,Rural,Basic,24.90547986449881,6.120261795151191,123,104.59416996339404,BankTransfer,No
C0869,71,Urban,Basic,19.271156475919483,45.918378977860364,251,132.6867931395036,BankTransfer,No
C0870,56,Urban,Basic,25.885491433282002,39.00165660069331,133,136.2164974701256,CreditCard,Yes
C0871,44,Urban,Basic,23.72939928150023,41.20578601711395,85,139.5730343313267,BankTransfer,No
C0872,27,Suburban,Basic,13.440563023385824,45.186807504243184,205,32.33039512291029,BankTransfer,No
C0873,43,Urban,Basic,6.8308894094484085,26.482549342928994,53,90.73638025520312,CreditCard,Yes
C0874,36,Urban,Basic,15.911830160270837,22.83406297681082,195,116.26623775838142,CreditCard,No
C0875,56,Urban,Basic,22.350637593327953,16.854377946448018,255,118.40048986651179,CreditCard,No
C0876,79,Rural,Premium,13.656168363158198,29.666123410218848,93,98.8731062561005,CreditCard,No
C0877,20,Urban,Premium,20.33638538373302,22.986780641096214,216,41.68235357387764,BankTransfer,No
C0878,62,Urban,Basic,3.735495362440265,22.852496536975966,160,123.66467201241636,BankTransfer,No
C0879,30,Rural,Basic,22.6921373547707,46.877929254691374,165,113.61447335694294,CreditCard,No
C0880,67,Suburban,Basic,24.568694976898797,49.209559956816946,25,31.19765030137472,BankTransfer,No
C0881,45,Urban,Basic,21.49829781763569,39.92597727181425,174,80.29527720766892,BankTransfer,No
C0882,79,Urban,Basic,29.0506440382646,37.95952546722295,154,42.617061937834464,BankTransfer,No
C0883,75,Urban,Premium,24.97290966635857,34.18762900806552,46,63.872015942686346,CreditCard,Yes
C0884,37,Rural,Basic,27.189718108419612,8.720705190508928,54,22.350541986739106,BankTransfer,No
C0885,45,Urban,Basic,28.073561420271794,3.425738133344899,215,72.04288289339857,CreditCard,No
C0886,25,Rural,Premium,24.239091764340447,34.69095259810652,71,91.48399975030736,CreditCard,No
C0887,78,Rural,Basic,20.553506418188473,36.57491800170051,28,100.54573706752129,CreditCard,No
C0888,58,Rural,Premium,1.1658388594628892,2.82516305935792,16,106.2537448667323,CreditCard,No
C0889,56,Urban,Basic,14.508946843470616,46.43856163632798,258,128.7178707033198,BankTransfer,No
C0890,18,Suburban,Basic,17.56370666004847,5.011461652511538,126,48.0101779458449,CreditCard,No
C0891,20,Rural,Basic,9.816877900991988,14.652076421674519,77,35.66263691700083,CreditCard,Yes
C0892,30,Rural,Basic,10.22502896020069,33.78329573353587,43,130.69983234673032,CreditCard,Yes
C0893,45,Urban,Premium,28.87362305559479,8.908693423021578,203,40.359665936044486,BankTransfer,No
C0894,79,Suburban,Basic,26.859615090879633,3.2430864778910995,64,146.71881057370538,CreditCard,Yes
C0895,74,Urban,Premium,25.62619115954942,16.891751213625415,275,129.52996982182282,BankTransfer,No
C0896,77,Urban,Basic,12.774342249477208,38.41559295533136,51,85.1139587656479,CreditCard,Yes
C0897,66,Urban,Basic,1.397257961858522,20.977094609770386,240,147.58478523986327,CreditCard,No
C0898,42,Rural,Basic,3.326445147215708,32.822159634443,19,32.658974784040545,CreditCard,No
C0899,73,Urban,Basic,10.053694678310507,29.191145312792763,137,59.398548952763214,CreditCard,No
C0900,50,Urban,Premium,1.4565444768746325,1.5998148602662303,188,102.96917395527949,CreditCard,No
C0901,55,Urban,Basic,1.4973436755407454,49.43272935876248,202,65.50089290151324,CreditCard,No
C0902,70,Urban,Basic,27.58149574762992,2.550690396559694,101,140.68843175750294,BankTransfer,Yes
C0903,23,Rural,Basic,21.47859656145257,48.40623551360001,240,28.531391463116286,BankTransfer,Yes
C0904,75,Rural,Basic,9.959723711976427,27.71827682903771,87,91.42353816792539,CreditCard,No
C0905,61,Urban,Basic,4.846692750427642,48.176371839720794,94,96.81261476136488,CreditCard,No
C0906,62,Urban,Basic,15.837435818957236,6.180303170984855,39,104.85465609103913,BankTransfer,No
C0907,49,Rural,Premium,1.1550386647765691,24.775221699682902,222,53.23660903313588,CreditCard,No
C0908,62,Urban,Basic,28.213998571886176,8.890452547369902,58,67.39363557758239,CreditCard,No
C0909,78,Urban,Basic,13.02963846227947,3.023256412610899,274,129.6784688564471,BankTransfer,No
C0910,64,Suburban,Basic,12.66771370188265,31.067691195584423,154,45.342559966120774,BankTransfer,Yes
C0911,38,Rural,Basic,12.327214619871683,10.785279337603727,78,127.49282013253706,CreditCard,No
C0912,33,Urban,Premium,3.010521581245178,29.591002405233525,67,93.14520497735651,CreditCard,No
C0913,71,Rural,Basic,19.511344953962972,6.062041856474789,194,119.08437645523068,CreditCard,No
C0914,38,Urban,Basic,22.257104969222247,16.933330335918786,71,112.7689576142513,BankTransfer,No
C0915,28,Rural,Basic,20.607636530060418,39.19081162363573,175,46.97649440003427,CreditCard,No
C0916,77,Urban,Basic,5.014629306552435,22.134050331188288,180,93.94565573640347,CreditCard,No
C0917,54,Urban,Basic,17.786364873032184,31.57339803741815,72,132.80400986466202,CreditCard,No
C0918,53,Urban,Premium,17.515050040995362,32.54916806690453,156,76.17511078425082,CreditCard,Yes
C0919,52,Suburban,Premium,26.18391285030008,42.26587467737103,170,145.65680012903118,BankTransfer,Yes
C0920,36,Rural,Premium,11.994702092893762,16.583678323128744,150,78.78796301322335,BankTransfer,No
C0921,37,Urban,Basic,11.773092366123592,34.52113034783462,106,38.56213276682501,BankTransfer,No
C0922,74,Urban,Basic,18.93728470282738,48.0999824487852,230,70.62650841009753,CreditCard,No
C0923,35,Rural,Basic,19.359106951485877,36.64704505071447,52,143.72131283076982,CreditCard,Yes
C0924,64,Urban,Basic,14.609271592447922,24.748588597528354,117,61.56371041418105,CreditCard,Yes
C0925,58,Urban,Premium,13.848721507582212,31.720513502350496,275,132.85276078271818,CreditCard,No
C0926,66,Suburban,Basic,15.330282448498597,37.114303439273854,104,134.5625886186457,BankTransfer,No
C0927,31,Urban,Premium,25.970313685596043,30.807650401846686,271,65.52424816315494,CreditCard,No
C0928,32,Rural,Premium,14.373840136363391,1.325452767747038,80,30.823495546582176,CreditCard,No
C0929,48,Suburban,Basic,28.25802196712485,10.14128813551768,228,114.19252819064637,CreditCard,Yes
C0930,18,Urban,Basic,15.616109144293455,40.61817675216557,30,60.496598871818186,BankTransfer,No
C0931,70,Urban,Basic,28.52682010224585,13.996207041967992,101,121.7800698534844,CreditCard,No
C0932,71,Urban,Basic,25.152125154203198,36.71232491827613,136,77.5451302738563,CreditCard,No
C0933,71,Suburban,Premium,11.510508355859045,18.919950654464085,89,83.0846765045408,CreditCard,No
C0934,20,Suburban,Basic,26.045601217601863,26.333274243818188,247,121.12822287730978,BankTransfer,No
C0935,33,Rural,Basic,4.191835241832342,3.864678341060483,191,69.70723303801162,CreditCard,Yes
C0936,40,Urban,Basic,27.826368084947422,9.470665271960623,34,77.60655489197889,BankTransfer,No
C0937,74,Rural,Premium,19.31766193740386,47.88124969420211,165,68.90476094005088,BankTransfer,Yes
C0938,28,Suburban,Basic,2.5773317071470245,44.561833645622244,14,67.75426698604639,CreditCard,No
C0939,29,Rural,Premium,19.683444985873535,32.787617989502984,129,88.37305499718973,BankTransfer,No
C0940,27,Suburban,Basic,29.25318197019793,23.252407570594,286,125.14392778514959,CreditCard,No
C0941,49,Suburban,Premium,3.024218983824239,33.95018399831358,27,67.02988054993357,BankTransfer,No
C0942,33,Rural,Premium,17.0859435836225,31.12120931014998,207,88.15311366990576,CreditCard,No
C0943,25,Rural,Basic,22.686036143021802,28.6433366524283,66,107.1945523075381,CreditCard,Yes
C0944,55,Urban,Basic,24.497499014286408,3.42926505724532,102,55.02712801947515,CreditCard,No
C0945,29,Urban,Premium,13.00099649430308,31.82372922774459,28,56.077964637311034,CreditCard,No
C0946,41,Rural,Basic,6.920830215879047,38.56154220627283,202,141.34370651304914,BankTransfer,No
C0947,45,Urban,Premium,2.2279260843991313,49.707041904955986,246,114.05949453304152,CreditCard,No
C0948,70,Suburban,Basic,17.81205855581952,1.048388353418329,286,95.03426790903015,BankTransfer,No
C0949,25,Suburban,Premium,14.134421037760713,36.643585938878495,236,104.20360707467955,CreditCard,No
C0950,75,Rural,Premium,28.51358745934162,28.803571138831035,242,23.80892760344439,BankTransfer,No
C0951,45,Urban,Premium,2.757542323732384,21.985582716007357,49,100.35338552302059,CreditCard,Yes
C0952,53,Urban,Basic,20.876464959934165,6.814723641282859,162,86.23615351914624,CreditCard,No
C0953,43,Urban,Basic,1.7240204414816578,20.749714857426373,136,90.94745837132663,CreditCard,No
C0954,25,Rural,Basic,5.971591124605739,18.041670557813696,246,66.72509748800621,BankTransfer,No
C0955,75,Rural,Basic,14.15379099776219,15.490079504447738,64,30.591606702682448,CreditCard,Yes
C0956,77,Suburban,Basic,14.191300841283178,36.67854135444928,181,45.13410036956678,CreditCard,No
C0957,67,Urban,Basic,20.885315745075673,35.185913303571056,118,143.5968127176473,CreditCard,Yes
C0958,45,Suburban,Premium,27.396178011164942,29.656494503555123,193,73.13094309522141,BankTransfer,No
C0959,45,Suburban,Basic,19.531932608532703,46.963908258021924,207,80.66881025801234,CreditCard,No
C0960,54,Urban,Basic,28.652517837693754,17.817792016952296,96,26.852272680947067,CreditCard,No
C0961,58,Suburban,Basic,26.566853556461933,12.568195916653888,210,24.883609840717476,CreditCard,No
C0962,53,Urban,Basic,17.950494070392917,32.96721399837078,284,113.2335881160785,BankTransfer,No
C0963,44,Urban,Basic,25.17996657664599,10.341296016401445,220,89.95230633574447,BankTransfer,No
C0964,71,Rural,Premium,19.634750699385386,16.09302010557952,127,86.13177794811466,CreditCard,No
C0965,34,Urban,Premium,3.278177096788087,11.617820783706799,200,51.60618895494693,CreditCard,No
C0966,26,Rural,Basic,22.476376974525788,3.923101602065811,51,116.81759511188989,CreditCard,No
C0967,50,Rural,Basic,3.7523447967530403,41.46118771096583,51,41.87075528410394,CreditCard,No
C0968,70,Rural,Premium,18.22840063652166,13.099756874622228,285,44.691516675932604,CreditCard,No
C0969,37,Urban,Basic,21.376565969888638,23.914861415479525,26,79.89258227527581,BankTransfer,No
C0970,30,Rural,Basic,2.929300638114802,2.6441060260884415,292,57.216382074552314,CreditCard,No
C0971,45,Rural,Basic,7.693044963869421,35.11730357950583,267,52.170187560309024,BankTransfer,No
C0972,65,Rural,Basic,27.554494735587845,16.862769614161394,72,103.88089379193312,CreditCard,No
C0973,46,Urban,Basic,18.873120274753994,37.3644680275459,71,104.62632687841078,BankTransfer,Yes
C0974,30,Urban,Basic,8.142294545505415,20.913951493159374,109,127.1872190739908,CreditCard,No
C0975,63,Rural,Basic,21.029713363292192,10.18990251707842,28,74.30211370648686,CreditCard,No
C0976,52,Urban,Premium,18.306516178888998,25.902166572960777,26,29.501061833399532,CreditCard,No
C0977,78,Rural,Basic,15.545695297620503,6.95997570205327,255,55.5766300397895,CreditCard,No
C0978,23,Rural,Premium,29.309422274654427,22.30668841371324,260,147.4007102155862,CreditCard,Yes
C0979,35,Rural,Premium,20.82015954481776,16.206621132314083,90,97.51361478025127,BankTransfer,No
C0980,68,Rural,Basic,11.887792180369468,45.64199941788184,48,112.26582102413263,BankTransfer,No
C0981,22,Suburban,Basic,24.202129530229172,3.5159717251756373,45,20.95651785130389,CreditCard,No
C0982,64,Suburban,Basic,26.652915494714446,34.85386199823423,206,87.36674518372772,CreditCard,Yes
C0983,42,Suburban,Basic,4.631396225988111,9.546182716378077,167,24.878725479134406,CreditCard,No
C0984,19,Suburban,Premium,6.816036357512728,16.292731179445873,213,93.99992757188824,CreditCard,No
C0985,27,Urban,Basic,7.2705832647056114,21.067946121572266,205,139.70021045268982,CreditCard,Yes
C0986,73,Urban,Premium,21.04514247220967,45.44674692406122,225,145.89448696505303,BankTransfer,No
C0987,47,Rural,Basic,18.488147096545216,12.507624170654346,294,90.27184780056014,BankTransfer,No
C0988,67,Urban,Basic,18.950755376259057,5.019785725961176,205,79.56662468278807,BankTransfer,No
C0989,76,Urban,Basic,28.282425690995527,16.275135397530917,161,142.85222225230422,CreditCard,Yes
C0990,62,Urban,Basic,23.50143445141187,5.6814605415089,23,107.56927815957036,BankTransfer,Yes
C0991,22,Rural,Basic,4.710170810841712,6.865526055047349,155,28.43690633999323,BankTransfer,No
C0992,72,Rural,Basic,11.07770539033025,28.90560459976382,66,80.54432509677468,CreditCard,Yes
C0993,73,Rural,Basic,13.626415739096332,3.5146456884249195,220,51.23185240035951,CreditCard,No
C0994,50,Rural,Basic,12.482886073680541,2.031078628981519,277,81.0745617883286,BankTransfer,No
C0995,71,Suburban,Premium,20.409949665694498,35.86349802278964,219,79.21052436082702,CreditCard,No
C0996,18,Urban,Basic,26.864899994440314,18.401531194631705,26,95.67882436591646,CreditCard,No
C0997,35,Suburban,Premium,9.875492442160851,6.706079787076727,295,66.38016374540265,CreditCard,No
C0998,49,Urban,Premium,17.004436956214384,13.053832157555558,212,41.355158429270645,CreditCard,No
C0999,64,Suburban,Premium,23.892873235493983,32.283282113943756,108,85.48352649669431,CreditCard,No
C1000,66,Rural,Basic,13.070323706515131,14.139060073472134,288,127.92637496494906,BankTransfer,Yes
