StudentID,Age,Gender,SocioeconomicStatus,Grades,Attendance,TimeSpentOnHomework,ClassParticipation,AcademicPerformanceStatus
S0001,21,Female,High,73.82184931718959,99.57804523860226,3.1531414735392578,Medium,Pass
S0002,18,Female,Low,61.30144989079999,95.58077244175053,3.160019407367345,Medium,Pass
S0003,19,Female,Low,82.0238021087922,74.85869050497507,1.5940930871790504,Low,Pass
S0004,21,Male,Low,98.94905575874044,67.80666068874602,1.93738921553599,Medium,Pass
S0005,17,Female,Middle,80.17465480216893,79.57570149626355,1.233915971005703,High,Pass
S0006,19,Male,Middle,67.89070420567745,89.66565807344169,3.917963581630165,High,Pass
S0007,19,Male,Middle,82.39087229952642,79.7027628301319,2.7596090197044405,Medium,Pass
S0008,21,Male,Low,56.14603392326938,79.32723453254674,3.7709035825043045,Low,Fail
S0009,16,Female,Middle,94.43295401326993,93.52921684327202,1.561849402701966,Medium,Pass
S0010,17,Male,Middle,75.15419753899181,74.45615116268746,3.2366181954891142,High,Pass
S0011,21,Male,Middle,72.4674871019821,94.39178699246582,3.180505253596597,High,Pass
S0012,17,Female,High,79.29323942267595,76.27219203806894,2.920794781532895,Medium,Pass
S0013,17,Male,Low,81.23919313947013,73.12932422713358,3.8797364134338013,Low,Pass
S0014,19,Male,Middle,53.58879031132565,78.15959644798795,1.8774436763721045,Medium,Fail
S0015,18,Male,Middle,84.13086106117012,90.49787834699474,0.9575106325641505,Medium,Pass
S0016,17,Male,Middle,62.09658401577648,65.04008111455977,2.850981007354213,High,Pass
S0017,20,Male,Middle,85.69763162532949,67.8567686348807,3.0525843016702217,Medium,Pass
S0018,19,Male,Middle,91.12673971920984,98.05779302652368,2.5127120071058515,Medium,Pass
S0019,16,Female,High,90.197925377626,67.0196650952543,1.223862625966887,Medium,Pass
S0020,18,Male,Low,77.62504837039445,82.70909271724219,2.265595795842744,Low,Pass
S0021,20,Male,Low,76.00849461553756,83.1725786664775,1.592664077991953,High,Pass
S0022,20,Female,Middle,57.14379806697059,79.58497848200979,1.9961328485834118,Medium,Fail
S0023,16,Male,Middle,88.76730752015678,85.78980994307274,2.7582650154563235,Medium,Pass
S0024,18,Female,Low,63.570469022335715,69.19306903190474,3.1082515994179207,Medium,Pass
S0025,19,Male,Low,74.83477114089733,82.10649071106992,1.3127864181547009,Medium,Pass
S0026,15,Male,Low,64.21370464637583,74.88693020987589,1.9186387622643366,Medium,Pass
S0027,18,Male,High,56.691418149984656,86.46669038516757,1.4420654984707022,High,Fail
S0028,16,Male,Low,81.47788484458682,65.64894173492598,1.195210648516542,Medium,Pass
S0029,20,Male,Middle,52.71660174114519,82.83509667357905,3.241855269985434,Medium,Fail
S0030,19,Male,Low,87.43226170631,67.41081421533295,3.6823844305294733,Low,Pass
S0031,18,Male,Middle,65.87933976305584,71.14572252460145,1.7958126498960185,Medium,Pass
S0032,15,Male,Low,50.00673465022427,68.74839201294333,3.129476235308184,Low,Fail
S0033,15,Male,Middle,75.55645696186149,67.31351119475268,3.639483512775439,Medium,Pass
S0034,17,Male,Low,52.34259542638016,93.02843806242669,3.4614347368558107,High,Fail
S0035,17,Male,High,63.80847789104497,71.42830270643562,1.1398468598872906,High,Pass
S0036,21,Female,Low,85.3488243727858,97.08495127457797,3.8470215852967646,Medium,Pass
S0037,16,Female,Middle,53.13448108109329,98.79706101380764,1.8183675415031186,Medium,Fail
S0038,18,Male,High,91.96692461780012,82.8504187974839,1.6873423141084272,Low,Pass
S0039,18,Female,Middle,50.19099613292916,65.72004490662906,0.7185096454722312,Medium,Fail
S0040,21,Female,Middle,62.34119346009511,74.98192973518326,2.2016077893670905,High,Pass
S0041,20,Male,Middle,87.04520280760357,91.90929053392856,0.8815476547432505,Medium,Pass
S0042,20,Female,Middle,65.81350748646534,74.69562914788281,1.369889373245991,Medium,Pass
S0043,21,Female,Middle,55.094619403300676,63.48068873211155,1.609299176185485,High,Fail
S0044,20,Male,High,68.0116959400214,82.27139643712752,3.330892132220894,High,Pass
S0045,17,Male,Middle,63.51966431922628,93.8048340598414,3.564210276385638,Medium,Pass
S0046,18,Female,Middle,92.13559510802774,91.8370554857401,1.558632111115144,Medium,Pass
S0047,21,Female,Middle,65.66739587925716,67.00492560521413,3.5054434243560086,Low,Pass
S0048,18,Male,Middle,89.44662358880036,86.91058457649866,3.5003082807942687,Low,Pass
S0049,15,Male,Low,94.59360724053673,68.82017053742588,3.1762783263470573,High,Pass
S0050,17,Male,Middle,71.69087097882648,68.7283013820869,1.0134328990531354,High,Pass
S0051,19,Male,High,95.4971571927196,94.96287093220741,2.9161299641525513,High,Pass
S0052,17,Female,Low,68.86590269815964,69.98675810960921,3.8075842260319908,Low,Pass
S0053,21,Male,Middle,98.20392082450542,70.52989386072045,2.88889167568505,High,Pass
S0054,19,Male,Low,54.46447622627865,60.02613563045198,1.6606589718774187,Medium,Fail
S0055,15,Female,Middle,84.35096332516213,94.8267613650207,2.2520276110079096,Medium,Pass
S0056,21,Male,Low,74.69070202284644,91.7037925283654,2.7600376517286875,Medium,Pass
S0057,16,Male,Middle,69.38244027278236,85.09315740362712,2.2869964305497623,Low,Pass
S0058,18,Female,Middle,81.63559393743004,90.0106305575537,0.9198352960583944,High,Pass
S0059,15,Female,Middle,85.19285458171656,66.08194269697967,1.5922241562820723,Medium,Pass
S0060,18,Female,Middle,50.21816348251546,78.33294378350303,3.308386106937714,Low,Fail
S0061,20,Female,Middle,58.347654437359935,74.04877549395124,3.514963161334311,Low,Fail
S0062,16,Male,High,85.65230253171593,63.75106105028066,0.9805501145044958,Low,Pass
S0063,16,Male,Low,83.31927067891033,79.44521940859696,3.8333536333955363,Low,Pass
S0064,15,Female,Middle,98.30237525643386,96.82958601370541,1.6508791624701327,Medium,Pass
S0065,16,Male,Low,88.05188951253915,61.602364762027776,2.8180980855575197,High,Pass
S0066,19,Male,High,97.53863538656691,71.65843653975176,3.131388010848384,Low,Pass
S0067,16,Male,High,85.12702507674035,68.30163744822813,3.341811821232592,Low,Pass
S0068,18,Male,Middle,64.90261043197216,69.52586614662785,3.8101239577907555,Medium,Pass
S0069,18,Male,High,55.268246112542826,96.33738207517501,1.595218418100879,High,Fail
S0070,21,Male,Middle,89.09119316724679,78.7227621693716,3.5047725909304406,Medium,Pass
S0071,18,Male,Middle,82.2074610737958,78.65197651759274,0.9609041620267247,Medium,Pass
S0072,21,Male,Low,52.40930061966481,90.42302569821129,2.9676431722375747,Medium,Fail
S0073,18,Female,Middle,68.00252329504892,66.17968816019703,3.0969220532989508,Medium,Pass
S0074,19,Female,Low,97.8399907742143,79.49061416400204,2.8720313442046215,Low,Pass
S0075,21,Female,High,75.02005728551006,77.19940856484239,1.3831015764730354,High,Pass
S0076,17,Female,Middle,71.63645680098523,83.87642762186624,3.5556510145532116,Medium,Pass
S0077,20,Male,Middle,72.8849802579647,99.98230813001754,1.0910046217963825,Medium,Pass
S0078,15,Male,Low,60.444136200258185,90.77795576328188,0.6877217703229079,High,Pass
S0079,18,Female,Middle,68.43535854323976,75.91462812069709,3.0111274671416925,Medium,Pass
S0080,16,Female,Low,68.49066279935883,93.10212209096187,2.164165003314568,Medium,Pass
S0081,18,Female,Middle,52.61775100937362,66.82833453249921,3.471843069855366,Medium,Fail
S0082,16,Male,Low,88.37838142589591,61.21854745235841,1.8418899937039064,Low,Pass
S0083,20,Male,High,70.82522159519395,68.17793489857092,1.088975059776995,Low,Pass
S0084,20,Male,Middle,91.10899434082117,73.61646224457039,3.4275476736445443,Medium,Pass
S0085,20,Male,Middle,92.51740005599477,80.42323029838239,2.4211837107402507,High,Pass
S0086,16,Female,Middle,60.599702734932904,84.60516562164798,1.162185273366242,High,Pass
S0087,18,Female,Middle,82.86767410850644,96.42422868857687,3.0213439950525602,Medium,Pass
S0088,20,Male,Middle,73.6140902081491,80.3941603820183,2.288897734713252,Low,Pass
S0089,19,Female,Middle,94.00783689607425,80.05102578502917,2.6150954378411195,Low,Pass
S0090,21,Female,High,60.787033958822704,62.009720392919284,2.1131441837230365,High,Pass
S0091,16,Male,Middle,83.89066001550222,61.396462106248954,3.4004814433630224,Medium,Pass
S0092,16,Male,High,80.38760611263612,82.04639847665489,3.4034695048906745,Medium,Pass
S0093,18,Male,High,64.76507387859164,77.52714452993378,2.982860876385352,High,Pass
S0094,16,Male,Low,56.83004518255863,93.56721579921194,0.868904820887618,High,Fail
S0095,16,Male,High,82.58198802386383,66.42718338847381,3.435988516664241,High,Pass
S0096,20,Male,Low,86.92987290661654,60.99886648468198,2.848545431865184,Low,Pass
S0097,18,Male,High,65.78136718816751,77.96155071720503,2.9395845810150485,High,Pass
S0098,20,Male,Middle,82.2416302011157,69.4991422700903,1.7704399414135508,High,Pass
S0099,21,Female,High,69.75654538057516,61.984574933553496,3.5774784465495233,Medium,Pass
S0100,21,Male,High,85.66034416413089,88.98393147390516,3.038800600822001,Medium,Pass
S0101,20,Female,High,59.96076374470265,64.4637199982899,0.8940666328521807,Medium,Fail
S0102,21,Male,Middle,94.51075013180872,84.33278000031086,1.9272231204215693,High,Pass
S0103,18,Female,Middle,64.37047982327898,71.24199000667556,3.602331266860496,Low,Pass
S0104,15,Male,Low,68.38929938780765,66.93984201420088,0.6651884559408265,Medium,Pass
S0105,20,Male,Middle,52.90459760401749,75.1900609167727,3.8649581687471732,Low,Fail
S0106,19,Female,Low,55.57561061606382,92.05783104891815,2.8770689891184698,High,Fail
S0107,19,Female,Middle,75.7930951356164,75.6837430761829,2.7098159217518183,Low,Pass
S0108,16,Female,Middle,63.379633836398575,90.03078596844223,1.44695739770797,Medium,Pass
S0109,21,Male,High,91.77401128710972,65.01945187196603,1.3707712605871198,Medium,Pass
S0110,19,Male,Middle,50.734669432747694,90.91085678660316,3.797203768210084,High,Fail
S0111,16,Female,High,68.95470243359681,69.47733299626594,1.5439535898194297,Medium,Pass
S0112,15,Female,Low,66.86727733845464,87.0957251955549,3.2142685385164977,Low,Pass
S0113,18,Female,High,50.966381545880054,82.63126219363986,1.8759262937247771,High,Fail
S0114,18,Female,High,56.21841995002551,97.1657886884675,0.9873892477464639,Medium,Fail
S0115,18,Male,Middle,70.68213374593176,75.49290071901257,0.5375035419337564,High,Pass
S0116,19,Female,Middle,74.64322922237233,62.64660755337762,2.4049006795533776,Low,Pass
S0117,15,Male,Middle,70.21448736274345,60.76621942205011,3.9152258649212643,Medium,Pass
S0118,19,Male,Low,76.5468839206047,93.07434243891012,1.7919766783322157,Medium,Pass
S0119,21,Male,Middle,79.75658374528408,80.98942550645728,1.750173168975657,Low,Pass
S0120,19,Female,Middle,50.49619105639178,91.00976207339798,1.7043206624730474,Medium,Fail
S0121,15,Male,Low,73.2047579726752,69.37702400046058,2.3219034305670045,Medium,Pass
S0122,15,Male,Middle,98.17496204437941,73.80334982052935,2.0423270919850274,High,Pass
S0123,21,Female,Low,75.95161400647743,61.204154888452756,3.5797011935445506,Medium,Pass
S0124,15,Male,Low,83.87711337294766,98.45969298296448,2.269322771032216,Medium,Pass
S0125,15,Female,Low,65.59319289584415,86.71471626803253,2.2771524336599906,Medium,Pass
S0126,18,Male,High,88.69956890763812,97.32820351037225,0.9843005815219481,High,Pass
S0127,21,Male,Middle,88.64607409380575,70.6198562971629,3.9395883931863507,Medium,Pass
S0128,17,Female,High,76.06480238270694,84.45854444902643,1.3749051180409038,Medium,Pass
S0129,17,Male,Middle,98.80069116396068,87.1399987317055,0.7567742361086094,Medium,Pass
S0130,15,Male,Middle,56.27751073813267,72.70198801030354,2.821011871413231,Medium,Fail
S0131,17,Male,Middle,50.84738324447905,93.92436940062521,2.5837822955490544,Medium,Fail
S0132,17,Male,Middle,88.50791058785481,97.88645851600991,1.95300978897461,High,Pass
S0133,15,Female,Low,90.35777686824413,95.39420470784017,1.977672818582373,Medium,Pass
S0134,17,Male,Middle,56.01036145602881,89.5626790375749,3.247723723662509,High,Fail
S0135,19,Female,Low,63.2791416479303,71.09858718899817,1.1849942403487717,Low,Pass
S0136,16,Male,Middle,50.877618168331445,71.26464168422527,3.3708866163071143,Medium,Fail
S0137,21,Female,Middle,64.66543053902824,98.53441281784151,2.7706148986325636,High,Pass
S0138,16,Female,Low,88.65709369593358,60.41137983742768,1.9663942082283352,Low,Pass
S0139,15,Female,Low,75.89802638562895,88.64199892968578,2.1031001580435404,High,Pass
S0140,18,Male,Middle,67.40477965841441,88.24984650221049,1.3982652251513352,Medium,Pass
S0141,21,Male,Middle,68.58696474531652,84.9075816379919,3.132400164439412,High,Pass
S0142,15,Male,Low,50.06768128577341,99.60435384347463,2.295061598068437,Medium,Fail
S0143,18,Female,High,64.9900263782618,72.47517743054901,1.6229908996244526,Medium,Pass
S0144,16,Female,Low,82.32293708189653,73.59887455172992,2.586175405163326,Low,Pass
S0145,15,Female,Middle,98.70972219081786,63.15757611786222,3.9850705821796306,Medium,Pass
S0146,21,Male,High,92.35304134919497,77.7119254617495,2.0234179787979385,Low,Pass
S0147,21,Female,Low,51.17974823227646,70.44194104939392,3.7224199027251683,Low,Fail
S0148,20,Female,Low,94.92803023374196,73.73546808710577,1.7075589397359814,Low,Pass
S0149,19,Male,Low,89.15992066493129,93.38287161022511,0.6915644742374506,Medium,Pass
S0150,17,Male,Middle,89.01880617854903,97.41938054109983,1.214847372289501,High,Pass
S0151,18,Female,Low,72.89978795017858,67.42932288020742,1.9654330016468946,Low,Pass
S0152,20,Female,Middle,69.90026464772514,74.90035726213864,1.2687222500809916,Low,Pass
S0153,17,Female,Low,65.14578644165962,97.14522248461577,0.5007946337638944,Medium,Pass
S0154,17,Male,Middle,53.284742947718286,62.47233842756891,3.702505382116345,Low,Fail
S0155,15,Female,High,61.41176817468495,63.69442112445514,3.4535779393082517,Low,Pass
S0156,17,Male,High,62.33018174890123,66.51163956824918,3.098022810204315,Low,Pass
S0157,19,Male,Middle,74.20385348551008,83.80851336507499,1.0873510847611003,High,Pass
S0158,21,Male,Middle,87.3722203298347,66.0188908402399,0.9212725167349511,High,Pass
S0159,20,Female,Middle,73.69049141989733,98.72305525802935,0.7366166231533411,Medium,Pass
S0160,17,Female,Middle,52.89222247235803,77.86858109034081,3.034102160705224,Medium,Fail
S0161,15,Female,Middle,97.8894900494102,80.06071841400666,3.7508278624075984,Medium,Pass
S0162,19,Male,Low,97.13621595470562,69.86634463221625,2.0068753731956295,Medium,Pass
S0163,16,Female,High,89.25947715742042,78.83841009738934,0.9169923519861686,Medium,Pass
S0164,21,Male,Middle,99.56639507821103,86.47654530548046,2.293374872562373,Medium,Pass
S0165,21,Female,Low,77.22411664001315,90.0470854781617,1.7209116761052055,Medium,Pass
S0166,20,Male,Middle,98.13841751266031,90.15472330839651,1.811887235224992,Low,Pass
S0167,21,Male,Middle,53.78025203083754,83.11564450776353,2.6746571845449756,Medium,Fail
S0168,17,Male,High,68.28403741306857,96.17439099975428,3.0155133964177083,High,Pass
S0169,15,Male,Middle,61.26906340033829,92.69631389224438,0.887112596056063,Medium,Pass
S0170,21,Female,Middle,59.7916542067135,90.28192458794501,0.6245658078226674,High,Fail
S0171,21,Female,Low,57.0401474446338,62.22422086721843,3.9801560594000023,High,Fail
S0172,16,Male,Middle,81.12068207829984,60.27511848878597,1.3145492212044314,Low,Pass
S0173,16,Female,Middle,89.06609278736525,68.49789108781891,0.6884068371796068,Medium,Pass
S0174,18,Male,Low,78.91491997101804,86.5409437565381,1.1645636518357199,Medium,Pass
S0175,19,Female,Low,57.34813547941049,76.44789955530183,0.6363524622196248,High,Fail
S0176,17,Female,Middle,90.55618849667354,76.09625037197247,1.8713381311601007,High,Pass
S0177,21,Female,Low,81.79773535818643,95.38347552918455,3.308406245579635,Medium,Pass
S0178,21,Male,Middle,69.40828530634977,95.82251392527354,1.6943555741520222,Medium,Pass
S0179,15,Female,Low,83.70651477680315,96.36701056214343,2.054641924074283,High,Pass
S0180,18,Female,Low,62.995248962141645,72.55512306060109,2.864553707486036,Low,Pass
S0181,19,Male,Low,67.25961042471053,87.64223250957048,2.2811292452445806,High,Pass
S0182,18,Male,High,95.87429215659951,70.86532725097479,3.515059901074635,High,Pass
S0183,20,Female,High,64.52522528357102,67.624393322978,3.531124862660148,Medium,Pass
S0184,19,Female,High,73.49941340789684,67.38529829389476,0.5346874342190377,Medium,Pass
S0185,21,Female,Middle,94.50705686980073,73.68430483454377,3.223162072691197,Medium,Pass
S0186,21,Female,Low,85.38606751337637,77.19830479119287,2.1125676008458587,Medium,Pass
S0187,19,Female,Middle,53.110161308235135,93.23796684220274,3.9609418945628208,Medium,Fail
S0188,21,Male,Middle,57.36515221394852,64.79564373890848,2.191312265564023,High,Fail
S0189,17,Male,High,50.392079538595844,89.39703389579577,3.954135808859041,High,Fail
S0190,19,Male,Low,81.54608951145818,81.25819656757221,3.140992764220078,High,Pass
S0191,18,Female,Middle,72.38367127052092,71.51781370703969,1.370117096146572,Low,Pass
S0192,19,Male,Low,56.713742545113774,79.71278338131299,2.384382427504352,High,Fail
S0193,21,Female,Middle,97.89670605283852,71.9976827910809,3.9724747381750394,High,Pass
S0194,17,Female,Middle,76.482986197281,83.84327820953224,3.5013571271317327,Medium,Pass
S0195,17,Female,Middle,62.09466470564446,77.35375691420977,0.8407841282692738,Low,Pass
S0196,20,Male,Middle,75.03017855773538,66.57622116315515,2.972301988834986,Medium,Pass
S0197,18,Female,Middle,83.98101663675538,64.66332298222787,1.7095285505478457,High,Pass
S0198,16,Male,Middle,53.81196089867822,81.8678272828852,0.5244379165812184,Medium,Fail
S0199,16,Female,Middle,63.7351907523946,96.09652133144414,1.9121833915944986,High,Pass
S0200,19,Male,High,90.34827454419968,73.75830746230741,1.3216404760373996,Medium,Pass
S0201,20,Male,High,72.98324352013306,89.32000428890493,3.3660424468216505,High,Pass
S0202,15,Female,Middle,77.32885710161474,86.34645419759067,1.6806571309601792,Low,Pass
S0203,19,Male,Middle,71.64080011047346,97.26219657237924,3.3963329288383597,Medium,Pass
S0204,20,Male,Middle,52.194997132150256,92.83924069196564,0.5020927859217836,Medium,Fail
S0205,18,Female,Middle,58.2874889910078,82.66421035621852,1.5773670250914171,Low,Fail
S0206,18,Female,Low,72.27708193709455,86.28121992936428,1.3440782500771669,High,Pass
S0207,18,Female,High,60.459273270396395,95.9354586633614,1.3174857637401385,Medium,Pass
S0208,18,Female,Low,52.49895143298394,75.9807513834774,0.7386531691791194,Medium,Fail
S0209,18,Female,High,92.18248320259119,73.0717882343111,1.154934946436756,Medium,Pass
S0210,20,Male,Middle,99.0596264582058,60.432443345407854,2.4444234945996697,Medium,Pass
S0211,20,Male,Middle,89.65714369983698,93.06204296765857,1.5197637549321057,Low,Pass
S0212,17,Male,Middle,92.68924608523335,92.03922801613459,1.9608817381520178,Low,Pass
S0213,16,Female,High,62.09885651585227,64.17818072400605,1.8190340812151597,High,Pass
S0214,21,Female,Middle,98.03134877565998,83.07429524530801,3.565667237499631,Medium,Pass
S0215,18,Male,Middle,59.84628522267142,78.55926792667549,3.668546496536804,High,Fail
S0216,15,Male,Low,97.57149051809162,64.74836382036446,2.22534940079551,High,Pass
S0217,21,Female,Middle,99.74096469829755,99.22272908242894,1.6555458261046154,Medium,Pass
S0218,20,Male,Low,85.58614028730244,68.58783549853422,0.8738024640082727,Medium,Pass
S0219,15,Female,Middle,99.0571865895911,62.689367203622446,3.8369100778373326,Medium,Pass
S0220,15,Female,Middle,78.47698897835518,83.79389518007639,0.7107943071510411,High,Pass
S0221,15,Female,Middle,62.97708915880452,89.55466708532131,1.5417759714889816,High,Pass
S0222,17,Male,Low,71.84979428328104,61.29773784188748,1.5432317040950145,Medium,Pass
S0223,20,Female,Low,79.6780467689393,86.34870554908089,1.621404501490752,High,Pass
S0224,15,Female,Middle,53.65407810135075,81.29167503805817,1.0750039514534324,Low,Fail
S0225,18,Female,Low,81.1171632308623,64.13060035500193,3.24106500823294,High,Pass
S0226,19,Female,Low,99.05889183811473,66.90095507785448,0.9287425168809622,High,Pass
S0227,15,Female,Low,59.50538248918638,82.71897189264322,2.7221733070360696,Low,Fail
S0228,17,Female,High,89.62975581441916,71.85430454053153,0.9334610934703611,Medium,Pass
S0229,21,Male,Middle,95.39493968898097,97.53262914605264,0.7468747315753479,Low,Pass
S0230,20,Female,Middle,97.18507964101104,92.74960917936204,3.683003262900568,Medium,Pass
S0231,17,Female,Low,98.00678022027236,99.34268826054652,1.1654506821154698,High,Pass
S0232,15,Male,Middle,76.0729819360736,70.38683355801656,3.374375540958965,Medium,Pass
S0233,20,Female,Middle,98.86539539957519,98.78894531191908,2.4062080488749755,Low,Pass
S0234,19,Female,Middle,87.86551035672194,77.24935479166231,0.7724978186306937,Medium,Pass
S0235,15,Female,Low,58.083571811848095,73.90075181255018,3.844068670033236,High,Fail
S0236,17,Male,Low,73.8450053233985,62.01398107877413,1.3643640844716238,Medium,Pass
S0237,16,Male,Low,85.9165587686002,62.110610314384104,3.5087587087341228,Medium,Pass
S0238,18,Female,Middle,62.36701579095417,87.68045023786618,1.0908350202459747,Low,Pass
S0239,21,Female,Middle,82.03075917744437,78.31715977736111,3.488800087496485,High,Pass
S0240,17,Male,Low,83.33002395233096,69.06086504144423,0.546300845168529,High,Pass
S0241,20,Female,Low,58.13498719042829,84.55881225300931,2.2912315979931823,Medium,Fail
S0242,15,Female,Low,78.25426562263782,70.11432473000445,3.193049027975449,Low,Pass
S0243,18,Female,High,88.58134554893039,83.1052701737769,3.771784311224742,Low,Pass
S0244,15,Female,Low,74.9447832267971,74.36834987930762,3.682207476722705,Low,Pass
S0245,20,Male,Middle,50.60515583880537,92.94208906447275,3.3686870434167573,Medium,Fail
S0246,15,Male,Middle,50.45192345396461,92.82784643067117,3.608669723814564,High,Fail
S0247,16,Male,Middle,67.85146719850061,79.09401592489606,1.1972689004297679,Medium,Pass
S0248,18,Female,Low,96.30970342158909,74.03276437340062,1.4946450349910507,High,Pass
S0249,18,Male,Low,61.43383898018044,74.50239186236378,1.511389837223705,Medium,Pass
S0250,20,Male,Middle,81.71818444358436,92.22858102672872,1.8196887585059458,High,Pass
S0251,21,Male,Middle,61.103793534666025,73.12717931190448,1.8766223463481604,High,Pass
S0252,16,Female,Middle,66.08349948297743,68.36237494827384,2.405943636291364,Low,Pass
S0253,17,Female,Middle,92.4021044800742,63.38753367501227,1.059579171782545,Medium,Pass
S0254,15,Male,Low,86.44307211349735,78.66772483537633,2.9193633232509626,Medium,Pass
S0255,19,Male,High,54.76996386566053,79.28528395679368,1.0864828875657726,Low,Fail
S0256,15,Female,Middle,71.43510104932167,93.63634841611628,1.5860796873659164,Medium,Pass
S0257,15,Male,Low,51.458488182263224,68.84954785784257,2.2617079571215393,Medium,Fail
S0258,17,Male,High,74.04450733015045,75.23965094673599,3.2875419653321707,High,Pass
S0259,15,Male,Middle,83.1217005850534,92.33622955574764,3.0881423163355453,Medium,Pass
S0260,16,Male,Middle,55.92513117990758,92.94494442995894,2.759370247436828,High,Fail
S0261,16,Male,Middle,64.44424694545829,75.38444303915072,1.0452064120305955,Medium,Pass
S0262,18,Male,High,69.89183127510785,78.36496093146724,2.414658709654522,High,Pass
S0263,20,Male,Middle,95.97655123280248,72.13143563397132,0.806062756299599,Medium,Pass
S0264,21,Female,Low,99.66275077114821,97.30219513677248,1.8207711187882776,High,Pass
S0265,19,Male,Middle,52.24556494978079,64.7457506296632,1.9473078560148571,Medium,Fail
S0266,15,Female,High,88.0503961747696,97.3499769200588,0.6393400380601384,Medium,Pass
S0267,15,Female,Low,68.58620332011716,87.35465807341373,1.4589583481449013,Medium,Pass
S0268,17,Male,Middle,69.622909311474,81.26288610746926,3.8447731354327126,Medium,Pass
S0269,20,Female,Middle,87.71324866735114,61.30636243137984,3.8377141274039133,Low,Pass
S0270,16,Male,Middle,95.92132160727044,79.02384767288034,1.7331446898838876,Low,Pass
S0271,19,Female,Middle,97.54642972512741,76.3099242001093,0.6508503813191342,Low,Pass
S0272,18,Male,High,78.85612930191604,66.4487524790049,1.1268322876486354,High,Pass
S0273,16,Male,Low,67.85605796502514,86.25638414002628,1.8727622770173904,Medium,Pass
S0274,20,Male,Low,89.37745429293896,98.84603629473143,3.8172289428923043,Medium,Pass
S0275,21,Female,Low,62.55006916311501,82.487552442581,0.9941967223801472,High,Pass
S0276,18,Female,High,78.20370144167589,88.59013105775783,3.1723054528387427,Medium,Pass
S0277,21,Female,Middle,67.92892307624366,62.73801810264067,0.8803888878114223,Medium,Pass
S0278,17,Male,Low,82.8315536853938,76.70667983267978,3.9344015208694687,Low,Pass
S0279,17,Female,High,62.019945644675346,64.65433940657984,1.8356577468819724,High,Pass
S0280,15,Male,High,59.57964728674129,84.51183342146041,3.213320886146696,High,Fail
S0281,21,Female,High,95.91195433377186,97.53928632856619,1.6990687898389614,High,Pass
S0282,20,Male,High,55.09018414747685,86.47110929886554,2.6968410700558305,Medium,Fail
S0283,19,Male,Low,75.29789538674657,63.07212193257686,1.1720562965901284,High,Pass
S0284,18,Male,Middle,61.04263914815044,74.18664819940331,1.011073567539369,Low,Pass
S0285,16,Male,Middle,51.94649816628337,82.02653517763406,3.7832244884884596,Low,Fail
S0286,20,Female,High,51.80094091457132,76.12831024533008,3.711765472665517,Low,Fail
S0287,20,Male,Middle,58.76108860529136,93.3457604190069,3.6061412907450885,Medium,Fail
S0288,17,Female,Middle,93.33851772530002,92.58684018839958,2.6890170755830773,Medium,Pass
S0289,21,Male,Middle,64.12393719885134,84.47324080412886,3.328938739256974,Medium,Pass
S0290,15,Female,Low,97.52295852876479,74.9383178053082,0.7416292791898123,Low,Pass
S0291,15,Male,Middle,79.08111464945968,70.21345495052977,1.671761646617377,Medium,Pass
S0292,18,Male,High,71.8307094884383,64.23497272852518,1.597960936650047,High,Pass
S0293,17,Female,High,79.00444173347273,74.19590733946217,2.7247586268341464,Medium,Pass
S0294,20,Male,Low,75.83491926131339,76.52690068830879,1.7458522071472418,High,Pass
S0295,19,Male,Low,87.93881268786626,87.03291700416294,1.0197737357528829,Medium,Pass
S0296,17,Female,Low,64.12480329864262,86.32639297190295,2.587634763947403,High,Pass
S0297,18,Female,Middle,67.65251958001512,62.804325585650275,3.350343722341785,Medium,Pass
S0298,18,Male,High,94.70471512666253,75.81037261724632,1.837432230609906,Medium,Pass
S0299,17,Male,Low,97.32282565752027,67.27115468869448,0.962940502844686,Medium,Pass
S0300,18,Female,Middle,94.62791137432373,66.27250821267222,1.1884086905948807,Medium,Pass
S0301,17,Male,High,70.97239969786568,93.09208598948985,1.331191568092844,High,Pass
S0302,16,Male,Middle,89.01827515034408,61.6766086686503,1.5496415754808768,Medium,Pass
S0303,17,Male,Middle,73.81678666505493,76.76731503608485,2.749782746772082,Medium,Pass
S0304,21,Female,Middle,74.87699260730511,66.72814623066073,2.6033091958820167,High,Pass
S0305,17,Female,Middle,60.234005452864196,95.17320862713896,2.936279515484637,Medium,Pass
S0306,18,Male,Low,79.55651516292582,82.28162053100141,1.768756945860296,Medium,Pass
S0307,21,Male,Middle,59.306794887667394,69.25522545507393,3.3839917815799243,Medium,Fail
S0308,18,Male,Middle,66.5782349533597,80.09709148665506,1.214306814045161,Medium,Pass
S0309,15,Female,High,92.75151008099675,89.25945438812462,2.141642616313539,Medium,Pass
S0310,15,Male,Middle,60.35379046054276,98.32472035677735,3.303285525395006,Medium,Pass
S0311,21,Male,Middle,53.557914258671644,68.81784016981676,1.1305552670641674,High,Fail
S0312,16,Female,Low,53.45037963064082,95.44727088517381,0.8845208980927404,Medium,Fail
S0313,15,Male,Middle,97.03922602515539,97.37216456669961,3.592893886907964,Medium,Pass
S0314,17,Female,Low,75.34602189809173,96.65682178128264,1.7002538196571857,Medium,Pass
S0315,18,Male,Low,70.47060359085091,85.41657427447639,2.893545437181612,High,Pass
S0316,15,Male,Middle,90.54392905039592,85.19282617738831,0.5887201149237846,High,Pass
S0317,15,Male,High,91.79129639552579,76.12842532735291,2.9151641094330736,Medium,Pass
S0318,16,Female,Low,66.60955165578022,90.09591529215152,1.6063545904143968,High,Pass
S0319,21,Female,Middle,84.68090287368976,81.25176073403728,0.6950929875560461,Medium,Pass
S0320,21,Female,High,88.55614079259433,87.09752284913178,2.6343446654184097,Medium,Pass
S0321,20,Male,Low,82.73253434329773,77.13831615395182,1.3428133562561064,Low,Pass
S0322,16,Female,Middle,57.57975374000497,89.25985856172557,1.85382534718158,Medium,Fail
S0323,17,Male,Middle,93.79415417585285,92.97886070418195,0.7820328430027976,Medium,Pass
S0324,21,Male,Middle,76.95472763680044,65.85745026411264,1.0150713788323087,High,Pass
S0325,18,Female,Low,64.12362131850018,93.31718862296913,1.5429203242354532,Medium,Pass
S0326,16,Male,Middle,71.2614092718847,81.6118612716123,0.8141582519605499,High,Pass
S0327,15,Male,Middle,51.87855451994537,93.78663636360898,3.687891926402103,Medium,Fail
S0328,18,Male,Middle,56.39334006112088,77.25206825364059,0.5211646511439245,Medium,Fail
S0329,18,Male,Low,88.27733752579304,75.1616194153214,2.19351076602509,Medium,Pass
S0330,15,Male,Middle,50.00058173776831,96.6024293006889,0.93136610346393,Low,Fail
S0331,16,Female,Low,70.82829142411461,70.04677070193605,1.57687681317282,Medium,Pass
S0332,15,Male,Middle,76.12550905427942,93.76849301144573,3.7412084593639294,Low,Pass
S0333,20,Female,Low,52.731721000048616,79.36082290037616,1.065930936458954,Medium,Fail
S0334,18,Female,High,98.65390814861664,80.56381770205039,3.880413119014164,Medium,Pass
S0335,19,Male,Middle,61.3062665624836,72.33873125957936,1.2202803194629759,High,Pass
S0336,19,Male,Middle,65.20993598181404,82.92168802476063,3.0954813796339034,Medium,Pass
S0337,17,Male,Low,65.19712561275136,73.00844785104846,2.413370427140591,Low,Pass
S0338,21,Female,Middle,61.520833105867496,61.570776569666094,3.595675546588657,Medium,Pass
S0339,15,Male,High,50.07369110431557,70.87994421377424,2.4389763942609584,High,Fail
S0340,15,Female,High,86.46723970439982,60.25516173626363,2.37095726704708,High,Pass
S0341,17,Male,Middle,98.34227498996427,99.13419148227428,1.1841030012893996,Medium,Pass
S0342,17,Female,Middle,61.21467416425225,98.6298883927899,1.0818027671808055,Medium,Pass
S0343,17,Male,Middle,83.15235959017113,75.8062118988922,3.7077120289042997,Low,Pass
S0344,18,Male,High,87.09481634793576,89.13483417358584,1.6474336959751192,High,Pass
S0345,20,Female,Middle,92.42126895452623,73.832243936417,1.8022878923701358,Medium,Pass
S0346,15,Female,Middle,71.13145985068046,86.84372628343904,3.1593828044993595,Medium,Pass
S0347,18,Male,Middle,65.14654528202146,92.21720172183916,1.6858821884798258,Medium,Pass
S0348,17,Female,Middle,66.26475670115155,97.87024978768963,3.8322185632365096,Low,Pass
S0349,15,Male,Low,85.63106665492563,76.00849103398687,3.082747191495801,High,Pass
S0350,18,Female,Middle,90.8389733252818,91.33191931824192,2.59100234900697,Low,Pass
S0351,20,Female,Middle,59.08069838783013,70.63713802528476,3.5831330619066337,Medium,Fail
S0352,18,Male,Middle,68.54705040788826,99.61329215174592,0.6736206792231896,Medium,Pass
S0353,20,Male,Low,95.0970098374575,61.03078395057405,1.3997194226622307,High,Pass
S0354,17,Male,Middle,90.33467598473696,84.14115226004483,2.127627169773185,High,Pass
S0355,20,Female,Middle,99.2429201381238,86.38023926605308,1.2944248881503235,Medium,Pass
S0356,15,Female,Middle,87.71241298410403,87.52182228296516,3.1036681555575316,Medium,Pass
S0357,17,Male,Low,69.65976005139612,64.81550315156356,3.717228108688038,High,Pass
S0358,15,Male,Middle,79.53189169973189,97.54119133892522,1.983195419758232,Low,Pass
S0359,19,Female,Middle,83.05071271236602,67.2473311620033,1.6974641003916324,Medium,Pass
S0360,16,Female,Middle,53.922790815856196,84.91013612959364,3.865427562481482,Medium,Fail
S0361,20,Female,Middle,77.22484795519325,68.9070431649234,2.056983514896393,High,Pass
S0362,16,Male,Middle,85.46604142363049,72.28865668085083,2.2116694015724914,Medium,Pass
S0363,16,Male,High,58.366065200053015,81.85834166912497,1.7307745531966687,High,Fail
S0364,20,Male,Low,89.03158587127785,76.68773674258306,3.683419655542484,Medium,Pass
S0365,17,Female,High,79.18863902570558,66.40902403906026,2.4913441914864776,Medium,Pass
S0366,19,Male,Middle,97.61108928487974,66.83745609683393,3.1676110551357564,Medium,Pass
S0367,15,Female,Low,52.12111491034459,76.72579152651198,3.3413235142281024,Medium,Fail
S0368,18,Male,Low,63.266306877773346,90.29131913102003,1.6964716467104037,Medium,Pass
S0369,15,Female,Middle,80.0776939649912,95.91858587391154,2.01793015962133,Medium,Pass
S0370,18,Female,Middle,64.82799561029654,63.36510649037531,3.4696512104219264,Low,Pass
S0371,15,Female,Middle,85.72120820356211,75.72415630237604,1.7713937308653358,High,Pass
S0372,20,Male,Middle,87.95026412609656,64.00982254891507,3.2787729670814794,High,Pass
S0373,19,Male,Middle,55.125798203323725,60.663699225303915,3.79347312901053,Medium,Fail
S0374,18,Male,Middle,75.69272321033839,86.46874730575826,2.6812363057380244,Medium,Pass
S0375,21,Female,Low,75.4445277795528,84.09797767866351,3.095695506081611,Low,Pass
S0376,17,Female,Middle,68.46403851077706,66.52076455259545,3.317840592143972,Medium,Pass
S0377,15,Female,Middle,96.6462431284836,69.35251332372256,3.4576387711382486,High,Pass
S0378,15,Female,Low,91.37531599366106,60.94831014578074,1.882686682498786,Low,Pass
S0379,18,Female,Low,84.86046909548185,93.39788822777615,0.6794221071159936,Low,Pass
S0380,17,Male,Middle,85.71633178674988,98.98762384194205,1.9065669493285884,High,Pass
S0381,17,Female,Middle,73.08580719065596,65.41838147178763,2.8581468042443143,Medium,Pass
S0382,20,Male,High,96.0497260548288,69.25900855061192,2.0762263502327745,Low,Pass
S0383,21,Male,High,84.72977136266427,94.73638095787736,3.121371028011395,Medium,Pass
S0384,20,Female,Middle,86.44905308279081,97.05855191824739,1.7494385031403237,Medium,Pass
S0385,20,Male,Middle,93.08454518936726,76.78509531227242,2.7216044938641035,Medium,Pass
S0386,20,Male,Middle,63.70357946710955,62.02489889076296,1.152469316988911,High,Pass
S0387,20,Female,Middle,90.35354519333515,61.57567334771278,3.122793028257349,High,Pass
S0388,20,Male,Low,59.7620301478246,82.95799464276041,2.4099358908455906,Medium,Fail
S0389,19,Female,Middle,67.26709761224438,75.71580435572716,1.214225359913102,High,Pass
S0390,17,Male,High,66.78052271349213,61.14609710310618,1.5216891072423255,Medium,Pass
S0391,20,Male,Middle,98.92627341945703,83.33009569250227,3.1201304800364134,High,Pass
S0392,17,Male,Middle,92.82686118739633,60.4521014635609,2.1891043248153226,Medium,Pass
S0393,17,Male,Middle,85.05849307951298,91.49487832597092,1.2561100413757527,High,Pass
S0394,16,Female,Low,86.35283808076952,72.25731290813486,3.8854491662960418,High,Pass
S0395,19,Male,Middle,78.10363972012856,61.61032012036928,3.0029375693591076,Low,Pass
S0396,20,Female,Middle,97.35453335542596,83.53408883932613,3.8499719138892865,High,Pass
S0397,15,Male,Low,74.81293764411808,75.90737657732218,1.9948676587612013,High,Pass
S0398,18,Female,Low,69.02588549349473,98.95201653428597,2.1628511924210216,High,Pass
S0399,21,Female,High,58.15176684657955,81.76794650014808,3.6428432566475673,Medium,Fail
S0400,15,Female,Low,89.31028261305289,71.00956724148033,2.337672690858846,High,Pass
S0401,19,Male,Middle,86.72219660377957,88.377554585359,2.975476191669835,High,Pass
S0402,18,Male,Low,69.21775192620674,70.85968010170845,1.382605071234355,Medium,Pass
S0403,19,Male,High,51.25967069796147,96.1697316563026,2.063542640459242,High,Fail
S0404,17,Female,Low,91.94986638590053,74.98887882029506,0.9320745303362429,Low,Pass
S0405,18,Male,Middle,50.57089917270368,81.9947425110482,1.2209301255693659,Low,Fail
S0406,17,Male,High,85.18498898145255,62.02292415296915,0.5033019534367088,Medium,Pass
S0407,15,Female,High,98.51285548630285,77.04484951808922,0.6374276807703108,Medium,Pass
S0408,15,Male,Low,71.88306640741017,93.2945415864398,3.9204933811192526,Medium,Pass
S0409,18,Female,High,61.74867024979764,92.22595221453368,1.348237932978668,Low,Pass
S0410,18,Male,Middle,85.24355050216909,68.97274235414105,2.8215874832640067,High,Pass
S0411,20,Male,Middle,90.85640710077925,69.04316284042251,3.4368489457986406,Low,Pass
S0412,19,Female,Low,77.32151580389237,92.69221248852946,2.427311607327975,Low,Pass
S0413,20,Male,Low,98.35176376280731,97.21593680677302,1.0360057502938467,Low,Pass
S0414,19,Female,Middle,52.583436082898054,63.814436850920146,3.0484075306765823,Medium,Fail
S0415,20,Male,Middle,75.2397799152264,78.00234557704901,2.600879935348541,High,Pass
S0416,17,Male,Middle,85.9226973661275,73.49817115856916,3.0593770627158126,Medium,Pass
S0417,18,Female,Middle,93.13202355745895,94.82753821829758,3.194113179999805,High,Pass
S0418,15,Female,Middle,58.9627805953895,63.34099658720075,3.913936286896608,Low,Fail
S0419,19,Female,Low,90.00017408818407,68.4450377023215,2.5074714800934848,Medium,Pass
S0420,19,Male,Middle,77.63535378592726,90.09873350345977,1.6957438944171064,Medium,Pass
S0421,15,Female,Low,69.82768409949816,62.05175395924862,2.76962594915083,Medium,Pass
S0422,20,Male,Middle,56.58575142895468,79.70141522857156,0.7395424823491914,Low,Fail
S0423,19,Male,Middle,93.26478794544562,77.6842813871888,3.640890614125552,Medium,Pass
S0424,21,Female,High,57.863660408985766,73.37604715954994,0.9178335396836887,Medium,Fail
S0425,17,Male,Low,65.48939296045496,75.78289261275695,1.647449932600364,High,Pass
S0426,18,Female,Low,64.50227659812184,81.19762347720932,3.3551088321914233,Medium,Pass
S0427,15,Male,Low,93.57070170954272,66.45469433553532,2.590593324157491,Low,Pass
S0428,18,Male,Low,83.63514971044489,82.87983513134371,1.8777243209710472,Medium,Pass
S0429,21,Female,Low,89.83406985956861,92.21729317199944,2.157024807812575,Low,Pass
S0430,19,Female,High,62.52339493962495,90.40643719160636,3.490915876207631,High,Pass
S0431,19,Female,Low,81.24370498034995,66.15599618775094,1.6900153512096225,Medium,Pass
S0432,21,Female,Low,78.58729915718743,65.96997878965895,3.5437738968425996,Low,Pass
S0433,15,Female,Middle,91.64151883941355,70.72697470979654,0.8084705084184203,High,Pass
S0434,17,Female,Middle,95.30435302406303,74.44298905364148,3.2187945302302077,Medium,Pass
S0435,16,Female,Middle,50.60783857386934,76.3382232563393,3.4664167156915773,Low,Fail
S0436,15,Male,Low,83.70099595293964,87.18788867333382,1.1363617849306857,Medium,Pass
S0437,16,Male,Middle,52.59178995598645,62.26721728663342,2.0062128633027014,Medium,Fail
S0438,21,Male,Low,77.44293325386779,61.386908169042655,1.0792492113227947,High,Pass
S0439,20,Female,Low,64.38163645218391,75.67642251775636,2.9731144514797623,High,Pass
S0440,16,Female,High,65.33882997610706,87.88654768551922,2.3737171882157986,High,Pass
S0441,17,Male,Low,67.64792517261783,67.7374137182593,2.7236317134791235,Medium,Pass
S0442,20,Female,Middle,81.0646224524805,85.66017925025007,1.187704384346739,Medium,Pass
S0443,16,Female,Middle,66.70249828343846,70.39312551761198,1.2411105171834684,High,Pass
S0444,21,Male,Middle,86.63495252951401,95.44344435254065,0.6452406392846723,Low,Pass
S0445,20,Female,High,70.22636927869348,95.82759777066465,1.627236373185054,Medium,Pass
S0446,21,Female,Low,53.41766001549793,71.89148817125306,2.4591063146678622,Medium,Fail
S0447,16,Male,Middle,89.18799212420537,69.19975015852962,3.502772198990651,Low,Pass
S0448,21,Female,High,64.2879162296353,76.45215888264926,2.8342460661053823,Medium,Pass
S0449,17,Male,Middle,71.63834397996314,69.62126340720594,2.02388713189913,High,Pass
S0450,16,Female,High,84.27219416109509,86.89535373166814,3.8359204003794822,High,Pass
S0451,16,Female,Low,66.6228078574356,93.04258738193141,3.0173582020154113,Low,Pass
S0452,16,Female,Middle,52.82928280733578,86.92368523644868,3.755578210018925,Low,Fail
S0453,15,Male,Low,68.69605235064068,92.97401788997398,2.34655790645258,Medium,Pass
S0454,15,Female,Middle,97.22242913471517,75.87968648829897,1.4061649617759886,High,Pass
S0455,15,Female,High,82.08671986492791,66.25267882835443,0.684893402276527,Low,Pass
S0456,17,Male,Low,83.57395743336035,89.51803789590369,3.0412969801934766,High,Pass
S0457,20,Female,Middle,81.61410768188199,74.41898020566215,0.9245604930193694,Low,Pass
S0458,21,Male,Low,59.94960694797184,86.8508330091653,1.559712948951885,Medium,Fail
S0459,19,Female,Middle,70.916693205114,70.82575767927062,2.3636481775936407,Medium,Pass
S0460,16,Male,Middle,87.5469899181659,63.24918539226691,2.475458057229117,High,Pass
S0461,21,Male,High,55.06864487765796,99.70327181951053,2.602041189454976,Medium,Fail
S0462,16,Male,Middle,63.892638804485614,66.24806031722397,1.0818936562239523,Medium,Pass
S0463,17,Female,Middle,63.81595542329268,99.53683975853924,1.8290809168757707,Medium,Pass
S0464,16,Male,Low,71.6009463797253,99.09119730265789,2.6601797949093835,High,Pass
S0465,15,Female,Low,99.01843704710924,91.75272415632159,3.8943660262182465,High,Pass
S0466,19,Male,Low,53.3751273341911,86.3769184832799,3.0467089819489104,Low,Fail
S0467,18,Male,Low,75.93504971902975,83.11228201004339,3.7291131498288523,High,Pass
S0468,16,Female,High,58.96823410061052,94.64406181511339,3.1677422040996195,Medium,Fail
S0469,21,Female,Middle,98.53382727048721,71.57758086477952,2.5710093911234013,Low,Pass
S0470,15,Male,Middle,55.66517523637321,78.70724849939508,1.172081791977206,Medium,Fail
S0471,18,Female,Low,70.18005011807956,84.77559877466007,2.833399781623796,Low,Pass
S0472,19,Female,High,86.89424924173031,76.44761903477965,2.6818284808596746,High,Pass
S0473,18,Female,Middle,85.22772140137226,77.09945816361072,2.6086420966004327,High,Pass
S0474,15,Male,Low,71.13643184469662,73.21138670008338,2.2142505379588426,Low,Pass
S0475,20,Male,Middle,67.32620839763591,82.56927266738144,2.350298113962465,Medium,Pass
S0476,20,Female,Middle,69.88061892764352,94.02298112060464,1.6705488449133643,High,Pass
S0477,18,Male,Low,63.213813157931966,68.06113512025252,2.3175944242480613,High,Pass
S0478,17,Female,Middle,60.26664693533999,97.37732155013765,1.1914456698746738,Medium,Pass
S0479,21,Female,Middle,74.1519848779445,87.56350614992918,3.3181103907613188,High,Pass
S0480,21,Female,Low,63.42668780338037,92.9309285072012,1.1502193414454773,Medium,Pass
S0481,18,Female,High,64.3730832448625,82.24762770520047,0.7973820146131325,Medium,Pass
S0482,16,Female,High,82.83780317372785,91.18066805696253,2.0268610922500505,High,Pass
S0483,16,Male,Middle,98.42686658499461,60.64801589357869,2.8040760382712167,Medium,Pass
S0484,21,Female,Middle,80.18186002796875,92.7352169911814,2.032008887267395,Medium,Pass
S0485,21,Male,Middle,53.84897335324831,61.60555436341466,1.4686394618295802,Medium,Fail
S0486,20,Male,Middle,53.77918069270335,95.5965350545145,2.4535991436165423,High,Fail
S0487,17,Female,Middle,97.5711610422783,99.67850988954572,1.7145081739426997,High,Pass
S0488,15,Female,Low,64.86453951536669,71.7626984870711,3.7650369154432157,Medium,Pass
S0489,16,Female,Middle,54.60334930412377,68.41274225143175,3.729257988612502,Medium,Fail
S0490,21,Female,High,79.95222935751907,90.61453455432164,2.258301369902334,Medium,Pass
S0491,20,Male,Middle,81.18243891451331,70.12105363681013,1.6475939790639047,Medium,Pass
S0492,19,Male,Low,82.42524100593441,94.62249532688814,3.079963448848237,Medium,Pass
S0493,20,Female,Middle,63.37010139287706,64.11370368629906,0.6284953021907332,High,Pass
S0494,16,Male,Low,50.75553421072375,65.03820785517433,2.1616915211527794,Medium,Fail
S0495,16,Male,Low,98.25076847272359,99.16606220402463,1.6771318799461674,Medium,Pass
S0496,20,Male,Low,62.54465228455513,86.95355593080018,3.7218755978589413,Low,Pass
S0497,15,Male,Middle,83.80131440262738,93.87548897715811,0.5420105954543889,Medium,Pass
S0498,18,Male,Middle,85.33149349393548,72.97317509406072,2.434852065014222,High,Pass
S0499,16,Male,Middle,80.50037085397429,87.05934998082418,3.092322533733191,Medium,Pass
S0500,20,Male,Low,65.64536971068242,83.76967309234388,2.1975629563341443,Low,Pass
S0501,21,Male,High,63.554812688203285,84.12600480491788,0.7989106055695259,Medium,Pass
S0502,20,Female,High,79.88341413513515,87.30129838150887,3.9036148650976576,Medium,Pass
S0503,17,Male,High,93.30478168058457,83.01436692516394,2.313036509816343,Low,Pass
S0504,18,Male,Low,97.33668644616978,77.16249477210664,2.64965185511654,Medium,Pass
S0505,19,Female,Middle,55.29529022018788,71.03690777522188,1.3281342394762756,Medium,Fail
S0506,15,Male,High,57.74143062988599,90.74325323652808,2.192243297873813,Medium,Fail
S0507,19,Female,Middle,97.23681293915399,69.05089720012745,2.0020232218541265,Medium,Pass
S0508,18,Female,Low,86.82676141673963,87.69417224617656,0.762135447006943,Medium,Pass
S0509,18,Male,Low,94.14969124148865,69.33331290597306,0.8715612374161352,High,Pass
S0510,18,Male,Middle,60.13163170676716,85.01320679817816,3.431153818665711,Medium,Pass
S0511,19,Female,High,79.3792935554701,89.88313068516115,1.3393698327230659,Medium,Pass
S0512,21,Female,Middle,85.05697972087368,68.74855555626156,1.182353950245207,Medium,Pass
S0513,18,Male,Middle,84.00559427234863,62.39773203445233,2.2671900793754873,Medium,Pass
S0514,20,Female,Low,70.4075845433349,65.23894971976696,3.190614959768795,High,Pass
S0515,19,Male,Middle,50.76974458456542,84.23987869084101,0.7168128150264577,Medium,Fail
S0516,18,Female,High,79.14630284021315,93.97785624902943,2.5188277187338954,High,Pass
S0517,20,Male,Middle,62.65507695898044,61.79987284941697,0.9172365499420068,Low,Pass
S0518,21,Female,Middle,72.51271230714451,89.36605036166586,0.6276136778896646,Medium,Pass
S0519,17,Female,High,97.87905075419087,73.65274583800209,0.6846038325677608,High,Pass
S0520,21,Female,Low,69.95176588212173,79.1411347967809,3.4195743787295445,Medium,Pass
S0521,18,Female,Middle,91.99008033322133,97.15438199382262,0.9129036926982155,Medium,Pass
S0522,19,Male,Low,59.42703028746256,73.27886018943381,0.6580297754430218,Medium,Fail
S0523,16,Male,Middle,83.62302490125144,78.61347735757944,2.032649605000193,High,Pass
S0524,18,Male,Middle,98.85034772194717,60.547296590427244,3.453977151797087,Low,Pass
S0525,16,Male,Middle,55.09465504364684,63.26394880019353,1.4184293177125569,High,Fail
S0526,20,Female,Middle,50.4159971113596,70.34366364539136,1.9759941613407073,Low,Fail
S0527,17,Male,Middle,71.67913963163072,61.114089632842976,0.6397288639731293,High,Pass
S0528,15,Male,High,54.63127415256836,85.25501304193004,2.0717747994720654,Medium,Fail
S0529,21,Female,Middle,87.41921748381156,77.0559342720649,2.521645782229968,High,Pass
S0530,17,Female,Low,95.72743319242795,81.92580810912088,2.4981746881325066,Medium,Pass
S0531,18,Female,Middle,71.70104863543794,66.98588743585319,1.663493422610278,High,Pass
S0532,16,Female,Middle,62.93558210777205,71.83728117746465,1.6043661323209744,Low,Pass
S0533,21,Male,Middle,71.72016595033048,86.552978994109,0.8731826662780926,Low,Pass
S0534,16,Male,High,86.17239089250005,98.612108945216,1.7837941222619393,Medium,Pass
S0535,19,Female,High,50.45270807901855,62.01667094408837,0.8482313410553763,Low,Fail
S0536,16,Female,Low,79.47269947423486,95.61537283421065,3.1830858064921808,Low,Pass
S0537,19,Male,High,80.66458424436895,83.07524805244833,3.8819600421186506,High,Pass
S0538,20,Female,Low,81.88441234479677,82.55678267022495,3.8952605983334743,High,Pass
S0539,21,Male,Low,62.10110399904386,80.01114140831041,3.5277488478138785,Medium,Pass
S0540,21,Male,Low,85.70263616890634,62.77576343616734,2.602772522688667,High,Pass
S0541,15,Female,High,54.56957431658882,63.595074069446426,2.95302994035358,Medium,Fail
S0542,18,Female,Middle,59.96351682334004,84.03648022636344,1.4982203093814492,Medium,Fail
S0543,19,Female,Low,93.87350233272409,73.63834285742233,2.7076964706041724,High,Pass
S0544,15,Male,Middle,86.93615753632832,96.69072266310722,2.0947734230395714,Medium,Pass
S0545,16,Female,Middle,50.687277700567265,76.2636214943789,2.1870606892192637,High,Fail
S0546,16,Male,Low,62.41881301849001,65.73125834810564,3.152217961313053,Medium,Pass
S0547,15,Male,High,60.720324149658225,88.58875334008144,1.4867142445903807,Medium,Pass
S0548,21,Female,High,63.54031640184863,71.7341368576404,1.6131386409308197,Low,Pass
S0549,16,Female,Middle,62.377988513994325,81.01881229423573,3.7362462689502283,Low,Pass
S0550,20,Female,High,53.126314787142285,87.91331142020681,0.6967850319784028,Low,Fail
S0551,20,Female,Middle,72.94702582984101,96.01056444808282,2.1997200444466913,High,Pass
S0552,15,Female,High,86.63667373930826,91.68764779206704,3.694802801427516,High,Pass
S0553,19,Female,Middle,80.33658623587182,87.05444271490896,2.6362705273635494,High,Pass
S0554,19,Male,Middle,83.643583429904,87.18532729580573,2.4124247597424624,Medium,Pass
S0555,15,Male,Low,54.05745892681196,97.83698576128346,1.3741046273027433,Medium,Fail
S0556,19,Male,High,97.57453550883936,71.83296389986144,1.701464211725569,Low,Pass
S0557,21,Male,Middle,91.92459169215124,60.044483767847495,3.4821694553164253,Medium,Pass
S0558,21,Female,Low,90.25451592478314,70.87818237592795,2.4572634611896036,Medium,Pass
S0559,19,Male,Low,91.14919025208837,68.71565518506976,2.3015976781487293,High,Pass
S0560,20,Male,Middle,96.63552540663807,86.47338340455993,0.8485289973901012,Medium,Pass
S0561,19,Male,Middle,77.21269830568488,85.34846399062116,0.556098547592931,Low,Pass
S0562,21,Female,Middle,60.0141008933813,83.73845530818895,3.872898160404672,Low,Pass
S0563,17,Male,High,80.83918039262706,60.64973772837815,1.8194515855039457,Low,Pass
S0564,18,Female,Low,87.14407468339695,89.1511221780259,2.611245717348265,Medium,Pass
S0565,16,Male,Middle,86.89586966770128,72.94121649941965,0.7790027561554975,High,Pass
S0566,17,Male,Low,76.072451208344,86.60223956026525,2.890900000030663,Medium,Pass
S0567,19,Female,High,53.42293596667891,82.26313714008613,3.763983480470863,High,Fail
S0568,20,Female,High,68.5556469215064,73.7092370171163,2.514828385490969,Medium,Pass
S0569,15,Male,Middle,96.03833042316786,65.38305068416432,0.941403628313937,Medium,Pass
S0570,19,Female,Middle,79.2224454878713,63.77675590641924,2.5360253461571687,Low,Pass
S0571,20,Female,Middle,76.91659716278568,93.26073332448894,3.182215245866283,High,Pass
S0572,18,Male,Middle,63.44267571910967,96.73590168326231,1.9224578780090653,High,Pass
S0573,19,Female,High,68.42244599582895,85.99152187057199,3.5794321177951374,Low,Pass
S0574,21,Female,Middle,94.76730445765847,64.13736459441934,2.7703903367507756,Medium,Pass
S0575,15,Female,Middle,83.3231523763418,76.08108867552963,3.6473712140122085,Medium,Pass
S0576,20,Female,Middle,89.36935133761665,89.1575680042063,2.6822685893656804,Medium,Pass
S0577,20,Female,High,72.71727115338275,91.19283536040273,0.9595079020168849,High,Pass
S0578,20,Female,Middle,81.5123609728079,64.72874489164354,1.583920988868162,Medium,Pass
S0579,18,Female,Low,62.41918043716038,60.0012287538153,1.2062823188835992,Medium,Pass
S0580,19,Female,Middle,85.27304151417431,88.48548183522419,3.680892742009018,Low,Pass
S0581,18,Female,High,71.38006668516687,74.26384703944822,3.161400235506189,Low,Pass
S0582,16,Female,Low,72.12727574073728,70.1792532647304,2.867394291185021,Low,Pass
S0583,16,Female,Low,82.46611622884409,60.515898791581016,1.553382118710676,Low,Pass
S0584,19,Male,Low,96.81403107344633,81.61197627045999,1.1441567021757473,High,Pass
S0585,21,Female,Middle,53.20031733043105,94.04602941703928,3.1475788079611915,High,Fail
S0586,18,Female,Middle,91.23716186735038,98.30526585090351,2.1595528105767787,Low,Pass
S0587,15,Male,Middle,64.61915552060965,82.62979802453157,1.290263432527202,High,Pass
S0588,20,Female,Middle,72.1959727253189,80.57845310959577,2.6581769235784627,Low,Pass
S0589,20,Male,Middle,51.09566643875045,63.40225541956964,0.6411684824845819,Medium,Fail
S0590,19,Male,Middle,65.05230389171565,81.954912061704,1.6415958894488873,Medium,Pass
S0591,21,Female,High,75.13156213150653,75.19916315861579,2.139949481068971,Medium,Pass
S0592,16,Male,Middle,52.80880386737195,84.28541123534308,1.0178541693829204,Medium,Fail
S0593,16,Female,High,74.55478646915826,75.54905391506188,3.9462906715679384,Medium,Pass
S0594,20,Female,Middle,96.35553144292138,69.61196493801467,1.2318407760636498,Medium,Pass
S0595,19,Female,Low,55.26966090539026,63.79861100913506,0.9562359551514295,High,Fail
S0596,18,Male,Middle,88.22203640377522,72.59673778355582,1.2123720586041373,Low,Pass
S0597,16,Male,Middle,70.48355266879963,63.865793371510094,3.191713966059035,Low,Pass
S0598,18,Female,Middle,82.7586857262169,67.07587803295935,1.9892698074514499,Low,Pass
S0599,21,Female,Low,63.01182989926147,99.49344634318183,2.478955789133883,Medium,Pass
S0600,16,Female,Low,57.97461312706791,77.76414227626475,0.5735320494522627,Low,Fail
S0601,16,Male,High,58.02313071356132,81.27487066020066,0.620509580006601,High,Fail
S0602,17,Female,Low,53.52459728215723,94.9447411494886,2.0603894243945566,Medium,Fail
S0603,16,Female,High,59.28233524506215,99.82275601962752,3.3582933512056825,Medium,Fail
S0604,15,Female,Low,83.21096924944841,83.30857797378727,3.598336075476478,Medium,Pass
S0605,19,Male,Middle,94.08453059217541,92.49895284176687,0.8034729865847408,Low,Pass
S0606,19,Female,Middle,90.70628427955809,73.07764097346701,2.38427085735358,Low,Pass
S0607,18,Female,Middle,84.25671549372422,72.22975829789165,3.696303901977447,Medium,Pass
S0608,21,Female,Middle,55.521593170555136,76.10814883978242,1.8579046403926023,Medium,Fail
S0609,16,Male,Low,64.45937231479749,86.90029050694596,3.40348040999929,Medium,Pass
S0610,15,Female,Low,65.49034376612344,87.28766757020395,0.9679347903980267,Low,Pass
S0611,18,Female,Middle,62.49784731988106,72.60957738597803,3.7738807138372956,High,Pass
S0612,17,Male,Middle,75.75028298548615,65.32839696546515,3.1299816113595593,Low,Pass
S0613,18,Female,High,76.77769074398363,85.29585025862033,3.7946703747541557,High,Pass
S0614,18,Female,High,67.84429875855551,65.13303448755057,2.8681603174337726,High,Pass
S0615,16,Male,Middle,67.6894579368218,83.1397003291732,1.7719137619979946,Medium,Pass
S0616,17,Male,Middle,91.42777989530407,87.73688512225236,3.7836341038365284,Low,Pass
S0617,18,Female,Middle,89.46464241598429,88.02445985577806,1.4644837170821248,Low,Pass
S0618,15,Male,Low,65.38979158403728,90.13888442638387,1.662603827216064,Medium,Pass
S0619,15,Female,High,95.68942219366296,94.91437686262658,2.952829463006091,Medium,Pass
S0620,19,Male,Middle,97.6407508501253,79.99835967859154,3.178607048338852,High,Pass
S0621,17,Female,Middle,66.33712710150203,89.20996758118285,3.7529121934720386,High,Pass
S0622,17,Male,Low,67.72124743965274,84.76690941463346,1.2168084316967334,Medium,Pass
S0623,19,Female,Middle,75.28170767109793,67.4655975919073,3.292993123267284,Low,Pass
S0624,18,Female,Middle,97.05604062668368,61.02758579477633,3.084911186889372,Medium,Pass
S0625,17,Female,High,93.81597165711557,71.38165542707735,0.7232809468875925,High,Pass
S0626,15,Female,Middle,55.12839812917949,77.72134825350477,1.8552809942357245,Medium,Fail
S0627,15,Male,Middle,69.63653716357081,84.68423777714625,1.489679099710345,Low,Pass
S0628,16,Female,High,77.6685594874886,93.99837322012822,1.5657164852391063,High,Pass
S0629,17,Male,Low,75.156623627577,67.84982866824663,3.9403140784414528,Medium,Pass
S0630,18,Male,Middle,59.693153396844636,65.02199159593908,2.7497209471797475,High,Fail
S0631,19,Male,Low,92.94083855840773,98.5391978989731,3.0118665522772483,Medium,Pass
S0632,19,Male,Middle,83.84703914984186,64.32178237505629,3.9181617306025323,Low,Pass
S0633,18,Female,High,91.89541874259018,79.13964280428758,1.8202062386017355,High,Pass
S0634,21,Female,Low,92.93821396747362,83.42254915173207,3.306440589584821,Medium,Pass
S0635,20,Male,High,87.41779268328699,81.65497683629752,2.020858371565734,Medium,Pass
S0636,16,Male,Low,71.96053006248587,63.44128628131773,3.5433678513524294,Medium,Pass
S0637,19,Female,High,80.52733775077122,62.281076560144776,1.132301394589561,Low,Pass
S0638,17,Male,Middle,58.01827030598716,64.21933709844143,3.8169016197249785,Medium,Fail
S0639,16,Male,High,83.68227087374538,83.4235073549045,1.265700979438079,Low,Pass
S0640,17,Male,Low,58.96266278696404,81.77379550537285,1.6417717744332603,Medium,Fail
S0641,21,Female,High,84.69747952550784,69.34963168146977,3.1466728193737317,Medium,Pass
S0642,15,Female,Middle,61.479908037698436,85.51096567382366,1.8781429954789235,High,Pass
S0643,16,Male,Middle,55.877565007510995,92.80270008222598,2.6287398186825635,High,Fail
S0644,19,Male,High,58.26422450714787,61.66315839386375,2.0560072537429996,Low,Fail
S0645,16,Female,Low,50.09960676095351,79.92519774192169,3.0982947798142364,Medium,Fail
S0646,16,Female,High,85.9369808926765,87.5724164841076,1.299159383290138,Medium,Pass
S0647,16,Male,Low,86.62005245291896,70.09247708278748,0.7046029553290696,Low,Pass
S0648,20,Female,Middle,75.74666749566298,72.31083621172596,1.549752891155732,High,Pass
S0649,16,Male,Middle,58.06814005276918,84.54551611957535,2.160080327039506,High,Fail
S0650,17,Male,Low,54.177716875534486,95.91741173774948,1.088070182674375,Low,Fail
S0651,15,Female,Low,50.95644832186435,92.39697681211598,1.7417905137973604,Medium,Fail
S0652,21,Male,Low,58.28740884826104,83.32520876398334,1.8999405640274898,Low,Fail
S0653,18,Female,Middle,94.54277674915733,89.20886871028998,0.7008714529089575,Medium,Pass
S0654,16,Male,Middle,62.07684208508409,74.59289880831194,2.541575368644716,Low,Pass
S0655,19,Male,Middle,67.71356636086078,85.63862112395032,3.5952019978995065,High,Pass
S0656,16,Female,Low,55.26727422406666,78.64726364510227,1.0311001953356835,High,Fail
S0657,19,Male,Low,61.118065237408516,67.59744545830243,2.592328046905299,Medium,Pass
S0658,17,Female,Middle,75.96122853901025,88.06953095509029,2.826587217187962,Medium,Pass
S0659,19,Male,Low,80.38763415478263,82.25858549395288,1.9676713814675093,High,Pass
S0660,18,Male,High,62.26761570831055,74.34486327814366,2.953841555774945,Medium,Pass
S0661,15,Male,High,52.88660796125586,96.45356760314523,1.9375604022185422,Low,Fail
S0662,19,Female,Middle,69.55164345636993,60.837364713069334,2.266230507921022,Medium,Pass
S0663,19,Male,Middle,61.71016854631671,72.63092604997985,0.5257356559404944,High,Pass
S0664,15,Female,High,60.9776961614901,62.27525591110586,2.921020399471411,Medium,Pass
S0665,18,Male,Low,97.99314013567276,90.6610926488651,2.8146993763065353,Medium,Pass
S0666,16,Female,Low,80.8150242962862,88.08429816455171,0.6344030706422059,High,Pass
S0667,19,Male,Low,77.8439221586048,73.25408874945268,1.7888753758829659,High,Pass
S0668,15,Female,Middle,70.78875517616609,87.02651608828292,3.926611442770836,High,Pass
S0669,17,Female,Low,71.44721667150722,75.83748904783799,1.9725779689901588,Low,Pass
S0670,15,Female,Middle,77.04525019190405,90.25015165689737,2.256808917961446,Medium,Pass
S0671,17,Female,High,84.82149035180535,78.16734650946825,3.684755553559015,High,Pass
S0672,18,Female,High,85.10730480909147,76.49118911326661,3.0104165655301474,High,Pass
S0673,16,Female,Middle,58.58469538527248,97.38919661953204,2.5372454589347826,Medium,Fail
S0674,15,Male,Low,75.00563760383135,70.03516399562801,3.2923163846937538,Low,Pass
S0675,21,Male,High,70.5979047517051,64.81789359986261,3.5252819325959064,High,Pass
S0676,21,Female,Middle,93.52634831346921,83.38172453037834,2.099108251080434,High,Pass
S0677,20,Female,Low,81.57094606091883,98.77287249136715,2.162879277261424,Low,Pass
S0678,19,Female,Low,76.62520332079909,75.11356854908746,1.8511782747814252,Medium,Pass
S0679,18,Male,High,55.76973210894587,62.48147054515126,3.883471490064612,Low,Fail
S0680,15,Male,Middle,80.28189446617057,73.5722106923827,2.940081890016226,Medium,Pass
S0681,21,Male,High,55.860195284011674,80.23726617278234,0.7912807317282531,Low,Fail
S0682,19,Female,High,66.8603287782876,66.47692026528856,3.5203586815955648,Medium,Pass
S0683,21,Male,Middle,57.14209824071659,86.32408872225969,2.1819597929269383,Medium,Fail
S0684,15,Male,Middle,84.60368235121845,99.90997556040801,0.7406386724787062,Medium,Pass
S0685,17,Male,Middle,60.31260569180763,78.06957903925775,2.4240103930715886,Medium,Pass
S0686,15,Male,Middle,69.5929686594013,74.1891422692085,1.9600749764149572,High,Pass
S0687,20,Female,Middle,94.78373888093893,76.02816667337866,3.572122917019187,Medium,Pass
S0688,15,Male,Middle,60.21581916994852,64.60584713580805,1.213981112632856,Low,Pass
S0689,15,Female,Middle,75.39025319793896,95.33094405704895,3.3926261332226404,High,Pass
S0690,20,Male,High,70.9635830583011,76.59302622085409,2.4519104191490846,Low,Pass
S0691,18,Male,Middle,50.90620205228649,75.49097645699365,0.6911360612471417,High,Fail
S0692,15,Male,Middle,89.63790567864064,86.38761091721898,3.901458554639196,High,Pass
S0693,20,Male,Middle,53.452295315729984,77.68133683724494,2.2941533543611996,Medium,Fail
S0694,19,Male,Middle,73.71275104884768,85.92933875231384,1.5180689898105388,High,Pass
S0695,17,Male,Middle,78.03391474694749,62.4578516052315,2.1429239469624033,Low,Pass
S0696,17,Female,Low,81.42132283072935,92.5489337488891,3.5025022423112113,Medium,Pass
S0697,15,Male,Middle,84.43158146539378,97.62015811517611,1.5671609353477223,Medium,Pass
S0698,18,Female,Low,62.663619176135754,85.95061544637544,1.174367387703451,Medium,Pass
S0699,18,Female,Middle,50.49893883292247,98.18263715435242,0.9517493642580851,High,Fail
S0700,19,Female,Middle,86.17218311774559,66.05729257479854,1.5425078943657393,Low,Pass
S0701,15,Male,Middle,76.78282996737893,79.09664757921415,3.230168304640152,Medium,Pass
S0702,17,Male,High,91.80588516036244,84.07226935781789,2.150692278183416,Medium,Pass
S0703,18,Male,Middle,91.06941814503472,83.26946589684746,1.2961856129273899,Medium,Pass
S0704,15,Male,Middle,92.16630838939416,76.05847116356173,1.0816474986341222,Medium,Pass
S0705,21,Female,Middle,74.254732998977,73.52337637465045,1.6645531677863268,Medium,Pass
S0706,18,Male,Middle,66.68141979184328,65.07296090201675,3.789735305099981,High,Pass
S0707,20,Male,Low,89.5779101295685,75.66969802249113,1.7005934940650853,Low,Pass
S0708,21,Female,Low,72.56470565146275,66.50643260421941,3.9584342658412237,High,Pass
S0709,18,Female,Middle,59.17210982017173,89.37462705968873,2.198306595178747,Medium,Fail
S0710,17,Female,Middle,92.74870097807371,68.3532374197836,1.127073714015528,High,Pass
S0711,16,Male,Low,94.12799383861736,62.34261221138135,3.6189903212772827,High,Pass
S0712,21,Male,Low,73.31548780700851,82.09464551268937,2.111243805971894,Medium,Pass
S0713,19,Female,Low,53.784986365489374,83.80918930877607,2.9838497022658355,Medium,Fail
S0714,19,Male,High,69.39130449584655,94.87652245122021,3.942990541232031,High,Pass
S0715,17,Male,Middle,90.17688297313018,83.07926449670728,0.675613726119909,Medium,Pass
S0716,18,Male,Middle,95.08870142731143,73.81923414893782,0.8384309592564849,High,Pass
S0717,15,Male,Low,60.17363712487979,92.12047526105282,3.0215985951196465,Medium,Pass
S0718,18,Male,Middle,53.348680601263574,81.61115572749685,1.486387511534152,Low,Fail
S0719,17,Male,Low,93.86752265664194,63.17121138524767,1.1450548893253467,Medium,Pass
S0720,19,Female,Low,69.47024694894377,82.63402241252987,0.6377665793690532,High,Pass
S0721,18,Female,Middle,77.08804821337816,96.3207418168665,0.5764634919517063,Medium,Pass
S0722,19,Female,Low,98.40329060253794,75.85250501992883,3.210699610919268,High,Pass
S0723,21,Male,Low,53.328236395711144,71.853032075992,0.970516995793425,High,Fail
S0724,15,Male,Low,82.41590037260478,65.73877828072081,2.137022155899028,Medium,Pass
S0725,21,Male,Low,53.705271128743355,66.05782087741429,2.620638853128191,Low,Fail
S0726,19,Female,Low,68.77344642332503,77.31085937367276,1.999231301990962,High,Pass
S0727,19,Female,Middle,90.19072725967234,83.82719296646118,0.5948732831768159,Medium,Pass
S0728,16,Male,High,71.67361163778172,63.22461620678407,3.242255259057681,High,Pass
S0729,16,Female,Middle,99.85911769514752,97.58274356100662,0.5367962858957872,Medium,Pass
S0730,21,Male,Middle,77.9529642473301,90.20534469780785,3.166614630321194,Medium,Pass
S0731,20,Female,Low,66.05810763179767,83.4649567313465,3.6265657282584294,High,Pass
S0732,21,Female,High,61.00556629523766,93.13754683755963,2.014939723700103,Medium,Pass
S0733,16,Female,Middle,67.52602671430809,63.20747027248453,2.3743986558422936,Medium,Pass
S0734,19,Female,Low,68.62666368797754,79.07355510932497,2.1694418741617882,Medium,Pass
S0735,17,Female,Middle,53.43568388619805,85.20372507446653,1.8622301651820359,Medium,Fail
S0736,21,Male,Low,68.47870997133866,93.14611624473157,3.6059858737962607,Medium,Pass
S0737,19,Female,Middle,73.21192598696125,91.3387824019707,3.628767287344967,High,Pass
S0738,17,Male,Middle,86.13688761194024,71.08276998853599,1.6753572762453708,Medium,Pass
S0739,17,Female,High,82.83647423608039,97.63520678236817,2.652744139051443,Medium,Pass
S0740,16,Female,Middle,85.43828276145771,64.97383365723482,3.7441764675105245,Medium,Pass
S0741,21,Female,Middle,50.418184093842854,95.00534474484608,3.8672047462947305,Medium,Fail
S0742,18,Male,High,60.8833699790268,98.83760998418475,2.281356641477166,Medium,Pass
S0743,15,Female,Low,83.08421441999283,67.08614092890502,2.0848868184951437,High,Pass
S0744,16,Female,Low,74.19946840898736,88.88264256815141,1.4754301057498402,High,Pass
S0745,16,Female,Middle,50.2656737834173,61.61142075111994,3.856051556166435,Medium,Fail
S0746,18,Male,Middle,90.22473212159112,76.2169130055662,0.9998500656550358,Medium,Pass
S0747,15,Male,Middle,88.64047866451688,80.65133196790697,2.5294035161670374,Low,Pass
S0748,19,Male,High,77.42095814967813,83.22580903638536,1.488925936315236,Medium,Pass
S0749,20,Male,Middle,53.3231662888136,97.43748992994239,1.4765290162172882,Medium,Fail
S0750,21,Female,Middle,88.32575247662923,86.8900274917678,1.9173900558166597,Medium,Pass
S0751,20,Male,Middle,79.1856793865682,79.25111804876948,3.995775275354791,Medium,Pass
S0752,19,Female,High,89.09799885789795,92.38700145063558,0.6923820739393772,Low,Pass
S0753,16,Male,High,87.58734961979202,98.02131283817636,2.5248963637123603,Low,Pass
S0754,15,Male,High,90.15010359789186,60.882645947291635,0.7890025531234701,High,Pass
S0755,16,Female,Low,75.90040332023125,99.30085089024155,1.0408229049668165,Medium,Pass
S0756,17,Female,Middle,57.01622590967575,63.44528556254721,2.038470296205145,Medium,Fail
S0757,16,Male,Low,83.55787366898443,92.57547117075046,2.2866104597125445,Low,Pass
S0758,16,Female,Low,81.02368925259853,71.21339010205651,1.405773429275834,Low,Pass
S0759,19,Female,Low,87.11265935995436,65.28718631015487,1.6075999580604567,High,Pass
S0760,19,Male,Middle,58.49405030253676,77.5942255885534,0.8043845708957658,Medium,Fail
S0761,19,Female,Middle,59.74875999501446,85.75826317790454,1.561269243454877,Medium,Fail
S0762,20,Female,Low,94.52047586096643,75.238073800939,3.882954537831904,Medium,Pass
S0763,17,Female,Middle,87.49888992260354,62.182616331307955,3.806475835853686,High,Pass
S0764,19,Male,Middle,95.41142443501614,83.97844558634867,1.6720740154794476,Low,Pass
S0765,15,Female,Middle,87.93576605819604,96.09613104442698,2.4979887769756655,Low,Pass
S0766,20,Male,Low,79.8577652995151,75.32861463789007,3.6835838688883054,Medium,Pass
S0767,18,Male,Middle,82.70663685139368,68.65331110523309,0.5216433792431383,Medium,Pass
S0768,15,Male,Middle,94.45639619700049,77.70309383731262,3.3373924961815717,Medium,Pass
S0769,21,Male,Low,78.94033772559703,61.93450844195124,3.8192934347612164,Medium,Pass
S0770,21,Female,Low,81.61956621641937,92.819503379211,0.8196400701674498,Medium,Pass
S0771,15,Female,Middle,57.82383580018003,93.05363243800747,1.0650669011152236,High,Fail
S0772,19,Female,High,73.69606100580513,83.52001853718514,3.862612059699744,Medium,Pass
S0773,18,Male,Middle,85.81985559790495,74.12411555753557,2.381390502741212,Low,Pass
S0774,18,Male,Middle,63.54713491581827,91.99133457783134,0.549688220651033,Medium,Pass
S0775,20,Male,Middle,60.112709026226746,82.18748099153468,1.401711995672352,High,Pass
S0776,18,Female,Middle,65.69134041122078,93.03729234200065,2.0748028599410087,Medium,Pass
S0777,21,Male,Low,62.075031399641674,85.25835170332083,2.925181188586687,High,Pass
S0778,17,Female,Middle,60.745631851819795,91.37621892851189,3.0660613234787983,Low,Pass
S0779,19,Female,High,71.24254214340435,83.9425197287104,3.9839752952390963,Medium,Pass
S0780,18,Male,Middle,95.3919256941767,76.56564272862664,1.5062891978431565,Low,Pass
S0781,20,Female,High,75.35298233693591,98.3178343970455,2.3837703565396633,Medium,Pass
S0782,21,Male,Middle,59.39601904076615,81.64455299515379,2.3666324175086175,High,Fail
S0783,17,Female,Low,53.8485834690437,84.20358074162154,1.9197584080653312,High,Fail
S0784,16,Female,High,84.80780725689627,68.81950557658998,1.0920666284484706,Medium,Pass
S0785,16,Male,Low,69.13993822181939,85.02603157709106,3.921097971143449,Medium,Pass
S0786,17,Male,Middle,91.09154732926797,82.86430597931775,3.4866101533330514,High,Pass
S0787,21,Female,Low,82.97553843203852,67.393535917881,2.24416559902983,Medium,Pass
S0788,20,Female,Low,89.81207252706842,62.383483894125746,2.6113589793941046,Low,Pass
S0789,17,Male,Middle,63.59730197092244,84.17437278859084,1.295413687458818,Medium,Pass
S0790,19,Female,Low,84.6179461230529,90.54769077401282,2.4032547463711142,Medium,Pass
S0791,19,Female,Middle,63.203099234685936,80.93605483688033,2.932395465925165,Medium,Pass
S0792,16,Female,Middle,96.95342397251457,69.07090501278583,2.3030845993530606,Medium,Pass
S0793,18,Male,Low,81.81871407666873,86.6608790677214,3.9659980970472946,Medium,Pass
S0794,20,Female,Low,66.2255900087671,63.20422906438409,2.639695796867042,Medium,Pass
S0795,16,Female,Middle,63.47559311461363,77.67334819207818,1.7984079940725917,Low,Pass
S0796,18,Male,Middle,59.54632925358217,66.53467033593681,3.2025320966554336,Medium,Fail
S0797,18,Male,Middle,84.7320479446864,67.37836204239534,1.0966187905357472,High,Pass
S0798,19,Female,Middle,60.935780649896365,68.09175796632815,1.845805347971933,Medium,Pass
S0799,21,Male,High,79.76516329637445,75.46828228175912,1.7143563263215504,Medium,Pass
S0800,15,Female,Middle,63.23175134626787,62.04600822481591,2.0113248328772206,High,Pass
S0801,21,Male,Middle,83.09844723969343,75.91173763716392,3.236229390750542,High,Pass
S0802,15,Male,Middle,90.74698642702697,80.46829788458803,2.194605612571926,Medium,Pass
S0803,17,Female,Low,88.90126215723265,79.331771398653,3.2790505759308695,Low,Pass
S0804,19,Male,Middle,88.04256654653909,75.31136401612162,2.5177111609895304,High,Pass
S0805,18,Female,Middle,59.3861202846126,93.5658643228301,1.6972430213014438,High,Fail
S0806,20,Male,Middle,54.419247349225934,65.81306769682017,3.3349256028921537,High,Fail
S0807,15,Female,Middle,84.94744142436929,80.22786975125496,1.3340138469358205,High,Pass
S0808,21,Male,High,68.41736068971757,62.48165667826217,1.2853404292992843,Medium,Pass
S0809,18,Male,High,71.61731132016736,62.84622715511639,2.265760234191925,Medium,Pass
S0810,15,Female,High,51.55745463966955,82.95463398708385,1.4129723608673113,Low,Fail
S0811,15,Male,Middle,62.97882246375246,82.64073699551284,0.5318046223292572,Medium,Pass
S0812,15,Female,Middle,51.6838201937232,95.12134051377828,2.7690413455458054,Medium,Fail
S0813,20,Male,Middle,93.95928863006239,82.31494702640293,2.2888283751533933,Medium,Pass
S0814,19,Female,Middle,62.16983416092653,98.39164081619401,2.0593123507260644,Medium,Pass
S0815,20,Male,Middle,77.8668584786504,61.94779393599719,3.8843898011641036,High,Pass
S0816,16,Female,Middle,51.94896603305652,63.92030739122964,2.499197143870198,Medium,Fail
S0817,18,Male,Middle,83.3423695652829,61.76263446281526,3.5220105222628457,Medium,Pass
S0818,19,Male,Middle,66.15136728770469,67.4110740133416,0.9880758267180606,Low,Pass
S0819,19,Male,Low,94.89595934788329,81.65080443766712,2.492222620952997,Medium,Pass
S0820,19,Male,Middle,94.4059094467018,85.82288725709712,3.53792869355816,High,Pass
S0821,21,Female,Low,66.26453091808739,61.82340631794675,2.540870150479643,Medium,Pass
S0822,19,Male,High,95.0480447845234,97.83883559382397,3.0130496234445054,High,Pass
S0823,20,Female,Middle,99.80788367493895,93.68661506601524,1.8021524873427257,Medium,Pass
S0824,19,Male,Low,91.2707832061974,71.86449928628372,0.8235733096297331,Medium,Pass
S0825,17,Male,Low,92.24356738776146,63.087501209058715,2.10265103294475,Medium,Pass
S0826,18,Female,Middle,62.450436805454494,66.7954829287623,1.8806778679360012,Medium,Pass
S0827,19,Female,Middle,78.83511994288781,65.0777765501989,3.534710638326316,High,Pass
S0828,18,Male,Middle,53.362795698368394,64.93135117195787,1.3539835582336528,Medium,Fail
S0829,17,Male,Low,54.745896841083486,80.74246754662936,3.8835697963728784,High,Fail
S0830,17,Male,Middle,99.94463060166453,69.83389769973601,3.8534834193157366,Medium,Pass
S0831,18,Female,Middle,66.33196247129555,74.32558866116578,1.3667107507500353,High,Pass
S0832,15,Female,Middle,87.40919560244231,99.58021333537289,1.7181818441706218,Low,Pass
S0833,16,Male,Middle,90.33325265134081,87.3725699570138,3.6344450930585976,High,Pass
S0834,21,Female,Middle,92.90116355036146,97.95922668188005,3.883177773136376,Medium,Pass
S0835,15,Female,Low,99.88141487010782,65.70226220132463,2.052036859926154,Medium,Pass
S0836,15,Female,High,62.07482426284339,75.28557899330278,1.6234896597431423,Medium,Pass
S0837,20,Female,Middle,52.017541342984984,82.18927213129417,2.3413290463803973,High,Fail
S0838,21,Male,Middle,70.5595758997293,63.07032247554952,2.907192222280072,Low,Pass
S0839,21,Male,Low,56.504033491447345,60.16749774511831,1.4571608038124293,Medium,Fail
S0840,15,Male,Middle,51.12129445810275,86.8173733518767,3.0776561111667546,High,Fail
S0841,19,Male,Low,68.0213413570743,85.67278067205741,0.6808007499012436,Medium,Pass
S0842,20,Female,Middle,89.18691255376183,76.43155239998447,0.6725307246754575,Low,Pass
S0843,20,Female,High,78.30903456125354,79.5857630412813,1.8520069680094082,Medium,Pass
S0844,17,Male,Middle,65.6388994605177,76.61772002368359,1.7371561722125222,Medium,Pass
S0845,21,Male,Low,82.71710027463598,60.960201793795555,1.604716253785033,High,Pass
S0846,15,Male,Low,61.600909015440536,73.41486424869849,2.218569169341185,High,Pass
S0847,17,Female,Middle,50.71907230360425,67.0832902158916,1.6225675380904994,Medium,Fail
S0848,18,Male,Low,88.21766932182138,63.93696756405475,1.1729027146383217,High,Pass
S0849,16,Female,Low,81.18715424320045,98.26881735557399,1.5831434218101033,Medium,Pass
S0850,20,Male,Middle,88.115131225048,83.97438900168663,3.912164954835822,Low,Pass
S0851,18,Male,Middle,51.94690083438328,89.14625136946411,1.93889695948197,Medium,Fail
S0852,18,Female,Low,91.85598139153261,72.6145497306447,2.056494719004175,Medium,Pass
S0853,19,Female,High,80.97631000181516,75.72588517976061,2.51790746482899,Low,Pass
S0854,16,Male,Low,78.169767535632,69.47695975586893,3.941692689449793,High,Pass
S0855,18,Female,High,81.23070240572657,63.87862683861699,1.3456044675251706,High,Pass
S0856,18,Female,Middle,93.2216623434182,67.16126549766335,2.884487386863518,Medium,Pass
S0857,16,Female,High,79.34682532794535,91.90056181185943,3.0059464273960343,Medium,Pass
S0858,16,Male,Middle,79.04751899440896,87.10183220735104,2.6256354587757307,High,Pass
S0859,18,Female,High,99.53395785328829,81.87715503941908,0.8100241887282542,High,Pass
S0860,16,Male,High,87.8365083534284,79.00359491467071,2.8690529653965178,High,Pass
S0861,18,Female,Low,72.11469027255677,96.89737134624498,0.7243314886266141,Medium,Pass
S0862,18,Male,High,85.36985000164638,62.90939791114673,2.5864992734246393,High,Pass
S0863,19,Male,Middle,69.46152358458943,71.22403252951663,3.0885341202760994,Medium,Pass
S0864,15,Male,Middle,61.44377312417495,73.99751414282856,1.2383946171698264,Medium,Pass
S0865,18,Female,Middle,79.84259384438798,91.29703248851152,3.445677026399709,Low,Pass
S0866,17,Male,Middle,96.40910490569757,99.70058480647884,0.606238319365515,Low,Pass
S0867,20,Female,Low,96.45697600077314,69.62682059028612,3.453345022804071,Medium,Pass
S0868,21,Female,Middle,67.09526390527452,94.97229336548322,2.1111516772496777,Medium,Pass
S0869,15,Male,Middle,76.38387331108476,93.22491041727164,1.2615577897607557,Low,Pass
S0870,15,Female,Middle,60.58179492849306,68.98629590567066,0.9682235074788881,High,Pass
S0871,15,Male,High,99.78155547494417,75.97330320796891,3.836575086538304,Low,Pass
S0872,19,Female,Middle,99.05589539339678,76.38691477170076,0.7543295565340484,Medium,Pass
S0873,18,Male,Middle,82.47544648537237,99.12882674106234,1.1968269697757399,Medium,Pass
S0874,19,Female,Low,90.22070298387368,67.23567605515593,1.717378216015661,High,Pass
S0875,18,Female,Low,85.755008064185,91.96631884419128,2.670821971363922,Medium,Pass
S0876,19,Female,Low,79.6579109519734,73.36770856692439,2.4068037984663446,Low,Pass
S0877,19,Female,Middle,52.667399849444884,89.23481383104641,0.9397522234430989,Medium,Fail
S0878,20,Male,Low,72.73821712763305,76.80044017182652,1.5140479430837512,High,Pass
S0879,17,Female,High,83.73931510837053,83.1343905246616,1.3356311988010843,High,Pass
S0880,19,Female,Middle,83.87658069418424,93.30447093304525,1.2473999907161948,Medium,Pass
S0881,20,Female,Middle,68.65613092111917,92.16662259935536,1.9390051776799546,Medium,Pass
S0882,16,Male,Middle,97.08459933290152,94.65692734158802,2.964110084070799,High,Pass
S0883,17,Female,Low,58.36785161183905,62.38469301378636,1.2610852627603257,Low,Fail
S0884,19,Female,Middle,75.01797231077803,87.6820221215898,1.783376078960435,Medium,Pass
S0885,21,Female,Middle,84.54419882754114,65.59949506887051,1.8682109939440679,Medium,Pass
S0886,15,Male,Middle,84.85679029459047,76.63274272073645,3.9175978530239357,Low,Pass
S0887,16,Female,Middle,82.43194783844078,81.94353660218754,3.841332249076741,Medium,Pass
S0888,16,Male,High,63.76441067259301,76.10957938987323,3.3004815396322655,Medium,Pass
S0889,20,Female,High,57.8103284343311,80.7844670321203,1.3458062228671481,Medium,Fail
S0890,16,Male,Middle,81.79701634133554,99.86105235194476,0.7381305993208439,High,Pass
S0891,17,Female,Middle,79.96510580697189,65.40869254851418,1.6091644820221866,Medium,Pass
S0892,19,Female,Middle,58.96780051446205,87.01824181345702,1.433780923018408,High,Fail
S0893,19,Male,Low,85.25695727852818,75.8400386554246,2.2707403005123785,Low,Pass
S0894,21,Female,Middle,72.75859958668282,65.32039195629315,3.2220476852372757,Medium,Pass
S0895,15,Male,Low,83.38802958015765,66.34947053497238,3.504130286076003,Low,Pass
S0896,20,Female,Middle,91.86835398850754,97.97092424982468,3.45702429893678,High,Pass
S0897,15,Female,Middle,58.48642142884616,95.18405986847048,1.7588644642807372,High,Fail
S0898,16,Female,Low,50.957243399841836,96.28167841660087,2.90532020211239,Medium,Fail
S0899,21,Female,High,88.95512931978934,99.66131103309546,1.59491969133477,High,Pass
S0900,15,Female,High,80.4848712576308,68.33261560034072,0.7131694013231396,Medium,Pass
S0901,17,Male,Middle,84.98197848110608,74.21757349456247,2.955478429610298,High,Pass
S0902,19,Male,Middle,91.90774874943213,86.76876119699466,0.5343964339942575,High,Pass
S0903,16,Female,High,90.14054674122502,79.35210159442589,1.93213905610471,High,Pass
S0904,21,Female,Low,98.04600734644123,76.73558133513333,1.652827442557265,Medium,Pass
S0905,15,Female,Middle,76.7967539426059,74.31244997342372,2.9268213848159834,Low,Pass
S0906,20,Female,Low,74.42478163299526,83.75122527773809,3.181859154661326,Medium,Pass
S0907,17,Male,Middle,70.0943599945365,83.02373714560328,1.5643312258994935,Low,Pass
S0908,17,Female,Low,57.68455214221023,66.4583133625696,3.340694550556987,Medium,Fail
S0909,15,Male,High,78.63036164410113,78.86959350073757,1.528708661767268,Medium,Pass
S0910,19,Female,High,63.85062621629894,82.138871048394,2.062142259952964,Medium,Pass
S0911,15,Male,Low,96.06537561064877,82.81147754925561,3.044564844549469,Low,Pass
S0912,16,Male,Middle,79.15954021385488,68.40428771649407,2.92522080228676,Low,Pass
S0913,15,Male,High,79.64200902540551,89.69085569009147,3.9557896530927,Medium,Pass
S0914,17,Male,Middle,67.74623304385051,61.00796379284279,1.2880635847557615,High,Pass
S0915,21,Female,High,52.599467598885376,74.19327422172651,2.818112697388538,Medium,Fail
S0916,15,Male,Middle,51.58718826864943,91.20850594142534,2.633886678965221,Medium,Fail
S0917,19,Male,Middle,71.16675720765987,82.5557168422161,3.7028445907151046,High,Pass
S0918,21,Male,Low,54.22826890486189,70.4464973004344,1.0472674957570627,Medium,Fail
S0919,20,Male,Low,80.34234777700695,87.79812477372191,3.131293572554265,Medium,Pass
S0920,18,Male,Middle,94.04865028198287,82.69563776624294,2.4889401569406893,Medium,Pass
S0921,15,Male,Middle,94.14574082593612,91.84974437825548,1.461330544257669,Medium,Pass
S0922,19,Female,Middle,82.95227050661163,89.40100744759293,2.1605221995151096,High,Pass
S0923,21,Female,Middle,60.56159157364655,84.40431688144939,1.6682180897442922,Low,Pass
S0924,19,Female,Middle,93.14984156794361,79.52710701243257,2.527596909759613,Medium,Pass
S0925,20,Male,High,94.3046717656604,65.32728502670093,3.6115021378513306,Low,Pass
S0926,17,Male,High,59.83267924764793,70.45332071541534,2.492567445442707,Medium,Fail
S0927,19,Female,Middle,86.87130428853386,76.76397891668341,2.711028464143044,High,Pass
S0928,21,Female,High,64.32597744635615,83.97197148025555,2.315617464901483,Medium,Pass
S0929,19,Male,Middle,90.13201561764649,80.5483142086122,0.6790792725591657,Low,Pass
S0930,19,Male,Middle,99.86189499518014,71.52738103838118,1.3150049490663298,Medium,Pass
S0931,19,Male,High,51.50130026646964,60.25857431158842,2.2220060530122896,Low,Fail
S0932,16,Male,Low,94.86829328954659,79.84956887603255,1.5858234931064668,Low,Pass
S0933,16,Male,Low,81.1315266799329,71.42503954248973,1.1361725921641797,High,Pass
S0934,17,Female,High,98.66913095824106,89.3843320284214,2.264464946714534,High,Pass
S0935,15,Female,Middle,73.25047587632139,60.95785061081934,1.629834277067476,High,Pass
S0936,19,Female,High,92.36939652856869,83.39311245223163,1.4033767511069515,High,Pass
S0937,20,Female,High,53.11970342991386,97.65896950024262,2.1239489610413327,Medium,Fail
S0938,15,Female,Low,66.7639525039148,66.97637068445998,0.966494903287606,Low,Pass
S0939,20,Female,High,53.3508268875605,78.86597963002382,3.7471100657639256,High,Fail
S0940,15,Female,Middle,98.76715667395354,63.65687967268553,3.5369573427173364,High,Pass
S0941,17,Male,Middle,90.84869536359184,85.02727649045411,2.9766720500918735,High,Pass
S0942,19,Male,Middle,92.62737106229852,82.02126722384902,0.8717483965595967,Medium,Pass
S0943,19,Male,High,96.89826157169472,76.2946209685133,3.2155703906439257,Medium,Pass
S0944,18,Female,Low,54.25517430598927,80.85508085894965,3.3278506483815664,High,Fail
S0945,20,Female,Middle,69.27987962566667,95.86298633876041,3.1871761620001817,High,Pass
S0946,15,Male,Middle,53.551744452200104,67.85177209244269,0.8988806049173441,High,Fail
S0947,15,Female,Middle,60.53965507750143,60.90258046821389,2.7536778497371763,Low,Pass
S0948,16,Male,Middle,61.468288851883614,94.46659538796405,3.420136785122895,Medium,Pass
S0949,18,Female,Low,73.45536055237893,83.08468329551626,2.520736904268837,Medium,Pass
S0950,21,Male,Low,63.42810837268213,95.6263382184737,2.7624258132983117,High,Pass
S0951,21,Male,Middle,55.048905340888055,83.8778089365269,2.1042721779920717,Low,Fail
S0952,16,Male,High,58.37455445470539,92.40644359838811,2.3504756195941843,Low,Fail
S0953,16,Male,Low,57.363778177604544,77.18693453420592,0.6203190042310383,High,Fail
S0954,16,Male,Low,98.65383989561491,89.99439725153076,2.736370576906496,Low,Pass
S0955,20,Male,High,87.96462534592368,96.52165867559424,0.7850652451190572,High,Pass
S0956,20,Female,Low,98.3880732634781,82.88491854888825,2.022551080190782,Medium,Pass
S0957,17,Female,High,71.98702432539542,67.23140602249518,1.5242928418359274,High,Pass
S0958,17,Male,Middle,63.918424083132834,70.75190460120793,2.408997825740996,Medium,Pass
S0959,16,Female,High,89.91465986045932,67.94578307589623,0.9669571743312249,High,Pass
S0960,18,Female,Low,66.31269590205734,69.87428110382932,2.920751906906614,High,Pass
S0961,15,Male,Low,64.96916868526742,72.25661797404146,3.2825403792496464,Low,Pass
S0962,20,Male,Middle,61.62529961039156,82.20535147012754,1.0717405741010477,Low,Pass
S0963,18,Male,High,56.48394891121177,83.51966517855331,0.8650958057315876,Medium,Fail
S0964,19,Male,Middle,62.8231530508383,77.05998988967444,1.009304189755757,Medium,Pass
S0965,20,Female,Low,67.76598742369438,84.61683119283342,3.569946466644756,High,Pass
S0966,20,Male,Middle,83.69971040728652,63.262997024454634,2.3486624161472465,Medium,Pass
S0967,17,Female,Middle,53.12824211097258,63.511529482326395,2.135413486026259,Medium,Fail
S0968,15,Female,Middle,60.52534698326715,66.87317841430634,0.87349136685824,Low,Pass
S0969,15,Male,Middle,90.45118201458382,80.7230999216138,2.7734460236493663,High,Pass
S0970,21,Female,High,57.346096179188535,68.55978714793254,3.537998571632815,High,Fail
S0971,21,Male,Middle,67.13225732612608,71.3313761397031,3.3986505426320854,Medium,Pass
S0972,21,Female,Low,93.23294609290701,76.01251344691977,2.6911914814328046,Medium,Pass
S0973,21,Male,Middle,57.74626555717213,92.47464496041519,0.7634755082808578,Low,Fail
S0974,19,Female,Low,54.13684178090949,60.554485436514405,0.8933895951160453,Medium,Fail
S0975,19,Female,Middle,74.22689975400054,85.9751528094649,0.6725814548843864,Medium,Pass
S0976,20,Male,Middle,65.12097556392682,86.75506124162742,1.4011772577236425,Low,Pass
S0977,16,Female,Low,78.1704182241927,91.94623121426545,0.9748151350613221,Medium,Pass
S0978,17,Female,Middle,90.19024452417375,97.31011756241253,1.4101681408835187,Medium,Pass
S0979,17,Female,Low,56.857424407637154,60.80551395797159,1.8477031950163658,Medium,Fail
S0980,21,Female,High,79.03495422771425,66.15134822052865,3.800439744248975,Medium,Pass
S0981,20,Female,High,75.2754380194932,95.44685176223973,2.6363162092359222,Low,Pass
S0982,18,Male,Low,57.20393930065998,78.34074248748061,3.4224082498903683,High,Fail
S0983,16,Male,High,81.19992427644912,82.58362555733854,2.9862302524931628,High,Pass
S0984,20,Female,Middle,63.68202089303858,86.5210881489259,0.8937609568432111,Medium,Pass
S0985,16,Male,Low,74.39171592720062,87.1626641798255,3.075721422308821,Low,Pass
S0986,16,Female,Low,54.11361621385309,97.26961613266033,1.4628460854569356,High,Fail
S0987,16,Female,Middle,72.97920286068116,99.87797669646679,2.736877464481472,High,Pass
S0988,20,Male,Middle,65.32317340214101,88.80629843723761,1.6933669077504598,Medium,Pass
S0989,21,Male,Middle,91.11906055926772,71.48884836820604,3.991852921426307,Medium,Pass
S0990,17,Female,Low,52.84893634986842,95.19009609177374,1.4224301782387223,Low,Fail
S0991,17,Male,Low,70.9303637459165,61.96883658163046,1.4769566477099438,Medium,Pass
S0992,21,Female,Middle,72.9215712065719,69.24323411497986,3.757352894468394,Low,Pass
S0993,16,Male,Low,86.25030381495594,95.89542869854859,0.5862554162271294,Medium,Pass
S0994,18,Female,Low,78.71437875451055,70.2476605775742,2.9384114575561893,Medium,Pass
S0995,15,Male,Low,83.36061685970905,68.82604238486994,3.0386423675755734,Medium,Pass
S0996,20,Female,High,88.8524642825878,65.52501172560989,3.4273250209363977,Medium,Pass
S0997,15,Male,High,93.11014868290944,94.36447030587667,3.9105375872346637,Medium,Pass
S0998,21,Female,Middle,65.69377483612352,80.00233036764347,3.9146067170482834,Medium,Pass
S0999,18,Male,High,76.90113526819515,86.99572812216618,0.7284686514826236,Low,Pass
S1000,20,Female,Middle,92.00540392196,69.56265536300118,3.376437629635159,Low,Pass
